pass_,rf_hz,lo_mhz_assumed_if357,r820t2_table_row,r17,r1a,r1b,matches_r820t2_table
scan,30000000,33.57,0,28,2a,df,True
scan,30250000,33.82,0,28,2a,df,True
scan,30500000,34.07,0,28,2a,df,True
scan,30750000,34.32,0,28,2a,df,True
scan,31000000,34.57,0,28,2a,df,True
scan,31250000,34.82,0,28,2a,df,True
scan,31500000,35.07,0,28,2a,df,True
scan,31750000,35.32,0,28,2a,df,True
scan,32000000,35.57,0,28,2a,df,True
scan,32250000,35.82,0,28,2a,df,True
scan,32500000,36.07,0,28,2a,df,True
scan,32750000,36.32,0,28,2a,df,True
scan,33000000,36.57,0,28,2a,df,True
scan,33250000,36.82,0,28,2a,df,True
scan,33500000,37.07,0,28,2a,df,True
scan,33750000,37.32,0,28,2a,df,True
scan,34000000,37.57,0,28,2a,df,True
scan,34250000,37.82,0,28,2a,df,True
scan,34500000,38.07,0,28,2a,df,True
scan,34750000,38.32,0,28,2a,df,True
scan,35000000,38.57,0,28,2a,df,True
scan,35250000,38.82,0,28,2a,df,True
scan,35500000,39.07,0,28,2a,df,True
scan,35750000,39.32,0,28,2a,df,True
scan,36000000,39.57,0,28,2a,df,True
scan,36250000,39.82,0,28,2a,df,True
scan,36500000,40.07,0,28,2a,df,True
scan,36750000,40.32,0,28,2a,df,True
scan,37000000,40.57,0,28,2a,df,True
scan,37250000,40.82,0,28,2a,df,True
scan,37500000,41.07,0,28,2a,df,True
scan,37750000,41.32,0,28,2a,df,True
scan,38000000,41.57,0,28,2a,df,True
scan,38250000,41.82,0,28,2a,df,True
scan,38500000,42.07,0,28,2a,df,True
scan,38750000,42.32,0,28,2a,df,True
scan,39000000,42.57,0,28,2a,df,True
scan,39250000,42.82,0,28,2a,df,True
scan,39500000,43.07,0,28,2a,df,True
scan,39750000,43.32,0,28,2a,df,True
scan,40000000,43.57,0,28,2a,df,True
scan,40250000,43.82,0,28,2a,df,True
scan,40500000,44.07,0,28,2a,df,True
scan,40750000,44.32,0,28,2a,df,True
scan,41000000,44.57,0,28,2a,df,True
scan,41250000,44.82,0,28,2a,df,True
scan,41500000,45.07,0,28,2a,df,True
scan,41750000,45.32,0,28,2a,df,True
scan,42000000,45.57,0,28,2a,df,True
scan,42250000,45.82,0,28,2a,df,True
scan,42500000,46.07,0,28,2a,df,True
scan,42750000,46.32,0,28,2a,df,True
scan,43000000,46.57,0,28,2a,df,True
scan,43250000,46.82,0,28,2a,df,True
scan,43500000,47.07,0,28,2a,df,True
scan,43750000,47.32,0,28,2a,df,True
scan,44000000,47.57,0,28,2a,df,True
scan,44250000,47.82,0,28,2a,df,True
scan,44500000,48.07,0,28,2a,df,True
scan,44750000,48.32,0,28,2a,df,True
scan,45000000,48.57,0,28,2a,df,True
scan,45250000,48.82,0,28,2a,df,True
scan,45500000,49.07,0,28,2a,df,True
scan,45750000,49.32,0,28,2a,df,True
scan,46000000,49.57,0,28,2a,df,True
scan,46250000,49.82,0,28,2a,df,True
scan,46500000,50.07,50,28,2a,df,False
scan,46750000,50.32,50,28,2a,df,False
scan,47000000,50.57,50,28,2a,df,False
scan,47250000,50.82,50,28,2a,df,False
scan,47500000,51.07,50,28,2a,df,False
scan,47750000,51.32,50,28,2a,df,False
scan,48000000,51.57,50,28,2a,df,False
scan,48250000,51.82,50,28,2a,df,False
scan,48500000,52.07,50,28,2a,be,True
scan,48750000,52.32,50,28,2a,be,True
scan,49000000,52.57,50,28,2a,be,True
scan,49250000,52.82,50,28,2a,be,True
scan,49500000,53.07,50,28,2a,be,True
scan,49750000,53.32,50,28,2a,be,True
scan,50000000,53.57,50,28,2a,be,True
scan,50250000,53.82,50,28,2a,be,True
scan,50500000,54.07,50,28,2a,be,True
scan,50750000,54.32,50,28,2a,be,True
scan,51000000,54.57,50,28,2a,be,True
scan,51250000,54.82,50,28,2a,be,True
scan,51500000,55.07,55,28,2a,be,False
scan,51750000,55.32,55,28,2a,be,False
scan,52000000,55.57,55,28,2a,be,False
scan,52250000,55.82,55,28,2a,be,False
scan,52500000,56.07,55,28,2a,be,False
scan,52750000,56.32,55,28,2a,be,False
scan,53000000,56.57,55,28,2a,be,False
scan,53250000,56.82,55,28,2a,be,False
scan,53500000,57.07,55,28,2a,8b,True
scan,53750000,57.32,55,28,2a,8b,True
scan,54000000,57.57,55,28,2a,8b,True
scan,54250000,57.82,55,28,2a,8b,True
scan,54500000,58.07,55,28,2a,8b,True
scan,54750000,58.32,55,28,2a,8b,True
scan,55000000,58.57,55,28,2a,8b,True
scan,55250000,58.82,55,28,2a,8b,True
scan,55500000,59.07,55,28,2a,8b,True
scan,55750000,59.32,55,28,2a,8b,True
scan,56000000,59.57,55,28,2a,8b,True
scan,56250000,59.82,55,28,2a,8b,True
scan,56500000,60.07,60,28,2a,8b,False
scan,56750000,60.32,60,28,2a,8b,False
scan,57000000,60.57,60,28,2a,8b,False
scan,57250000,60.82,60,28,2a,8b,False
scan,57500000,61.07,60,28,2a,8b,False
scan,57750000,61.32,60,28,2a,8b,False
scan,58000000,61.57,60,28,2a,8b,False
scan,58250000,61.82,60,28,2a,8b,False
scan,58500000,62.07,60,28,2a,7b,True
scan,58750000,62.32,60,28,2a,7b,True
scan,59000000,62.57,60,28,2a,7b,True
scan,59250000,62.82,60,28,2a,7b,True
scan,59500000,63.07,60,28,2a,7b,True
scan,59750000,63.32,60,28,2a,7b,True
scan,60000000,63.57,60,28,2a,7b,True
scan,60250000,63.82,60,28,2a,7b,True
scan,60500000,64.07,60,28,2a,7b,True
scan,60750000,64.32,60,28,2a,7b,True
scan,61000000,64.57,60,28,2a,7b,True
scan,61250000,64.82,60,28,2a,7b,True
scan,61500000,65.07,65,28,2a,7b,False
scan,61750000,65.32,65,28,2a,7b,False
scan,62000000,65.57,65,28,2a,7b,False
scan,62250000,65.82,65,28,2a,7b,False
scan,62500000,66.07,65,28,2a,7b,False
scan,62750000,66.32,65,28,2a,7b,False
scan,63000000,66.57,65,28,2a,7b,False
scan,63250000,66.82,65,28,2a,7b,False
scan,63500000,67.07,65,28,2a,69,True
scan,63750000,67.32,65,28,2a,69,True
scan,64000000,67.57,65,28,2a,69,True
scan,64250000,67.82,65,28,2a,69,True
scan,64500000,68.07,65,28,2a,69,True
scan,64750000,68.32,65,28,2a,69,True
scan,65000000,68.57,65,28,2a,69,True
scan,65250000,68.82,65,28,2a,69,True
scan,65500000,69.07,65,28,2a,69,True
scan,65750000,69.32,65,28,2a,69,True
scan,66000000,69.57,65,28,2a,69,True
scan,66250000,69.82,65,28,2a,69,True
scan,66500000,70.07,70,28,2a,69,False
scan,66750000,70.32,70,28,2a,69,False
scan,67000000,70.57,70,28,2a,69,False
scan,67250000,70.82,70,28,2a,69,False
scan,67500000,71.07,70,28,2a,69,False
scan,67750000,71.32,70,28,2a,69,False
scan,68000000,71.57,70,28,2a,69,False
scan,68250000,71.82,70,28,2a,69,False
scan,68500000,72.07,70,28,2a,58,True
scan,68750000,72.32,70,28,2a,58,True
scan,69000000,72.57,70,28,2a,58,True
scan,69250000,72.82,70,28,2a,58,True
scan,69500000,73.07,70,28,2a,58,True
scan,69750000,73.32,70,28,2a,58,True
scan,70000000,73.57,70,28,2a,58,True
scan,70250000,73.82,70,28,2a,58,True
scan,70500000,74.07,70,28,2a,58,True
scan,70750000,74.32,70,28,2a,58,True
scan,71000000,74.57,70,28,2a,58,True
scan,71250000,74.82,70,28,2a,58,True
scan,71500000,75.07,75,28,2a,58,False
scan,71750000,75.32,75,28,2a,58,False
scan,72000000,75.57,75,28,2a,58,False
scan,72250000,75.82,75,28,2a,58,False
scan,72500000,76.07,75,28,2a,58,False
scan,72750000,76.32,75,28,2a,58,False
scan,73000000,76.57,75,28,2a,58,False
scan,73250000,76.82,75,28,2a,58,False
scan,73500000,77.07,75,28,2a,44,False
scan,73750000,77.32,75,28,2a,44,False
scan,74000000,77.57,75,28,2a,44,False
scan,74250000,77.82,75,28,2a,44,False
scan,74500000,78.07,75,28,2a,44,False
scan,74750000,78.32,75,28,2a,44,False
scan,75000000,78.57,75,28,2a,44,False
scan,75250000,78.82,75,28,2a,44,False
scan,75500000,79.07,75,28,2a,44,False
scan,75750000,79.32,75,28,2a,44,False
scan,76000000,79.57,75,28,2a,44,False
scan,76250000,79.82,75,28,2a,44,False
scan,76500000,80.07,80,28,2a,44,False
scan,76750000,80.32,80,28,2a,44,False
scan,77000000,80.57,80,28,2a,44,False
scan,77250000,80.82,80,28,2a,44,False
scan,77500000,81.07,80,28,2a,44,False
scan,77750000,81.32,80,28,2a,44,False
scan,78000000,81.57,80,28,2a,44,False
scan,78250000,81.82,80,28,2a,44,False
scan,78500000,82.07,80,28,2a,44,False
scan,78750000,82.32,80,28,2a,44,False
scan,79000000,82.57,80,28,2a,44,False
scan,79250000,82.82,80,28,2a,44,False
scan,79500000,83.07,80,28,2a,44,False
scan,79750000,83.32,80,28,2a,44,False
scan,80000000,83.57,80,28,2a,44,False
scan,80250000,83.82,80,28,2a,44,False
scan,80500000,84.07,80,28,2a,44,False
scan,80750000,84.32,80,28,2a,44,False
scan,81000000,84.57,80,28,2a,44,False
scan,81250000,84.82,80,28,2a,44,False
scan,81500000,85.07,80,28,2a,44,False
scan,81750000,85.32,80,28,2a,44,False
scan,82000000,85.57,80,28,2a,44,False
scan,82250000,85.82,80,28,2a,44,False
scan,82500000,86.07,80,28,2a,44,False
scan,82750000,86.32,80,28,2a,44,False
scan,83000000,86.57,80,28,2a,44,False
scan,83250000,86.82,80,28,2a,44,False
scan,83500000,87.07,80,28,2a,44,False
scan,83750000,87.32,80,28,2a,44,False
scan,84000000,87.57,80,28,2a,44,False
scan,84250000,87.82,80,28,2a,44,False
scan,84500000,88.07,80,28,2a,44,False
scan,84750000,88.32,80,28,2a,44,False
scan,85000000,88.57,80,20,2a,44,True
scan,85250000,88.82,80,20,2a,44,True
scan,85500000,89.07,80,20,2a,44,True
scan,85750000,89.32,80,20,2a,44,True
scan,86000000,89.57,80,20,2a,44,True
scan,86250000,89.82,80,20,2a,44,True
scan,86500000,90.07,90,20,2a,44,False
scan,86750000,90.32,90,20,2a,44,False
scan,87000000,90.57,90,20,2a,44,False
scan,87250000,90.82,90,20,2a,44,False
scan,87500000,91.07,90,20,2a,44,False
scan,87750000,91.32,90,20,2a,44,False
scan,88000000,91.57,90,20,2a,44,False
scan,88250000,91.82,90,20,2a,44,False
scan,88500000,92.07,90,20,2a,34,True
scan,88750000,92.32,90,20,2a,34,True
scan,89000000,92.57,90,20,2a,34,True
scan,89250000,92.82,90,20,2a,34,True
scan,89500000,93.07,90,20,2a,34,True
scan,89750000,93.32,90,20,2a,34,True
scan,90000000,93.57,90,20,2a,34,True
scan,90250000,93.82,90,20,2a,34,True
scan,90500000,94.07,90,20,2a,34,True
scan,90750000,94.32,90,20,2a,34,True
scan,91000000,94.57,90,20,2a,34,True
scan,91250000,94.82,90,20,2a,34,True
scan,91500000,95.07,90,20,2a,34,True
scan,91750000,95.32,90,20,2a,34,True
scan,92000000,95.57,90,20,2a,34,True
scan,92250000,95.82,90,20,2a,34,True
scan,92500000,96.07,90,20,2a,34,True
scan,92750000,96.32,90,20,2a,34,True
scan,93000000,96.57,90,20,2a,34,True
scan,93250000,96.82,90,20,2a,34,True
scan,93500000,97.07,90,20,2a,34,True
scan,93750000,97.32,90,20,2a,34,True
scan,94000000,97.57,90,20,2a,34,True
scan,94250000,97.82,90,20,2a,34,True
scan,94500000,98.07,90,20,2a,34,True
scan,94750000,98.32,90,20,2a,34,True
scan,95000000,98.57,90,20,2a,34,True
scan,95250000,98.82,90,20,2a,34,True
scan,95500000,99.07,90,20,2a,34,True
scan,95750000,99.32,90,20,2a,34,True
scan,96000000,99.57,90,20,2a,34,True
scan,96250000,99.82,90,20,2a,34,True
scan,96500000,100.07,100,20,2a,34,True
scan,96750000,100.32,100,20,2a,34,True
scan,97000000,100.57,100,20,2a,34,True
scan,97250000,100.82,100,20,2a,34,True
scan,97500000,101.07,100,20,2a,34,True
scan,97750000,101.32,100,20,2a,34,True
scan,98000000,101.57,100,20,2a,34,True
scan,98250000,101.82,100,20,2a,34,True
scan,98500000,102.07,100,20,2a,34,True
scan,98750000,102.32,100,20,2a,34,True
scan,99000000,102.57,100,20,2a,34,True
scan,99250000,102.82,100,20,2a,34,True
scan,99500000,103.07,100,20,2a,34,True
scan,99750000,103.32,100,20,2a,34,True
scan,100000000,103.57,100,20,2a,34,True
scan,100250000,103.82,100,20,2a,34,True
scan,100500000,104.07,100,20,2a,34,True
scan,100750000,104.32,100,20,2a,34,True
scan,101000000,104.57,100,20,2a,34,True
scan,101250000,104.82,100,20,2a,34,True
scan,101500000,105.07,100,20,2a,34,True
scan,101750000,105.32,100,20,2a,34,True
scan,102000000,105.57,100,20,2a,34,True
scan,102250000,105.82,100,20,2a,34,True
scan,102500000,106.07,100,20,2a,34,True
scan,102750000,106.32,100,20,2a,34,True
scan,103000000,106.57,100,20,2a,34,True
scan,103250000,106.82,100,20,2a,34,True
scan,103500000,107.07,100,20,2a,34,True
scan,103750000,107.32,100,20,2a,34,True
scan,104000000,107.57,100,20,2a,34,True
scan,104250000,107.82,100,20,2a,34,True
scan,104500000,108.07,100,20,2a,34,True
scan,104750000,108.32,100,20,2a,34,True
scan,105000000,108.57,100,20,2a,34,True
scan,105250000,108.82,100,20,2a,34,True
scan,105500000,109.07,100,20,2a,34,True
scan,105750000,109.32,100,20,2a,34,True
scan,106000000,109.57,100,20,2a,34,True
scan,106250000,109.82,100,20,2a,34,True
scan,106500000,110.07,110,20,2a,34,False
scan,106750000,110.32,110,20,2a,34,False
scan,107000000,110.57,110,20,2a,34,False
scan,107250000,110.82,110,20,2a,34,False
scan,107500000,111.07,110,20,2a,34,False
scan,107750000,111.32,110,20,2a,34,False
scan,108000000,111.57,110,20,2a,34,False
scan,108250000,111.82,110,20,2a,34,False
scan,108500000,112.07,110,20,2a,24,True
scan,108750000,112.32,110,20,2a,24,True
scan,109000000,112.57,110,20,2a,24,True
scan,109250000,112.82,110,20,2a,24,True
scan,109500000,113.07,110,20,2a,24,True
scan,109750000,113.32,110,20,2a,24,True
scan,110000000,113.57,110,20,2a,24,True
scan,110250000,113.82,110,20,2a,24,True
scan,110500000,114.07,110,20,2a,24,True
scan,110750000,114.32,110,20,2a,24,True
scan,111000000,114.57,110,20,2a,24,True
scan,111250000,114.82,110,20,2a,24,True
scan,111500000,115.07,110,20,2a,24,True
scan,111750000,115.32,110,20,2a,24,True
scan,112000000,115.57,110,20,2a,24,True
scan,112250000,115.82,110,28,2a,24,False
scan,112500000,116.07,110,28,2a,24,False
scan,112750000,116.32,110,28,2a,24,False
scan,113000000,116.57,110,28,2a,24,False
scan,113250000,116.82,110,28,2a,24,False
scan,113500000,117.07,110,28,2a,24,False
scan,113750000,117.32,110,28,2a,24,False
scan,114000000,117.57,110,28,2a,24,False
scan,114250000,117.82,110,28,2a,24,False
scan,114500000,118.07,110,28,2a,24,False
scan,114750000,118.32,110,28,2a,24,False
scan,115000000,118.57,110,28,2a,24,False
scan,115250000,118.82,110,28,2a,24,False
scan,115500000,119.07,110,28,2a,24,False
scan,115750000,119.32,110,28,2a,24,False
scan,116000000,119.57,110,28,2a,24,False
scan,116250000,119.82,110,28,2a,24,False
scan,116500000,120.07,120,28,2a,24,False
scan,116750000,120.32,120,28,2a,24,False
scan,117000000,120.57,120,28,2a,24,False
scan,117250000,120.82,120,28,2a,24,False
scan,117500000,121.07,120,28,2a,24,False
scan,117750000,121.32,120,28,2a,24,False
scan,118000000,121.57,120,28,2a,24,False
scan,118250000,121.82,120,28,2a,24,False
scan,118500000,122.07,120,28,2a,24,False
scan,118750000,122.32,120,28,2a,24,False
scan,119000000,122.57,120,28,2a,24,False
scan,119250000,122.82,120,28,2a,24,False
scan,119500000,123.07,120,28,2a,24,False
scan,119750000,123.32,120,28,2a,24,False
scan,120000000,123.57,120,28,2a,24,False
scan,120250000,123.82,120,28,2a,24,False
scan,120500000,124.07,120,28,2a,24,False
scan,120750000,124.32,120,28,2a,24,False
scan,121000000,124.57,120,28,2a,24,False
scan,121250000,124.82,120,28,2a,24,False
scan,121500000,125.07,120,28,2a,24,False
scan,121750000,125.32,120,28,2a,24,False
scan,122000000,125.57,120,28,2a,24,False
scan,122250000,125.82,120,28,2a,24,False
scan,122500000,126.07,120,28,2a,24,False
scan,122750000,126.32,120,28,2a,24,False
scan,123000000,126.57,120,28,2a,24,False
scan,123250000,126.82,120,28,2a,24,False
scan,123500000,127.07,120,28,2a,24,False
scan,123750000,127.32,120,28,2a,24,False
scan,124000000,127.57,120,28,2a,24,False
scan,124250000,127.82,120,28,2a,24,False
scan,124500000,128.07,120,28,2a,24,False
scan,124750000,128.32,120,28,2a,24,False
scan,125000000,128.57,120,28,2a,24,False
scan,125250000,128.82,120,28,2a,24,False
scan,125500000,129.07,120,28,2a,24,False
scan,125750000,129.32,120,28,2a,24,False
scan,126000000,129.57,120,28,2a,24,False
scan,126250000,129.82,120,28,2a,24,False
scan,126500000,130.07,120,28,2a,24,False
scan,126750000,130.32,120,28,2a,24,False
scan,127000000,130.57,120,28,2a,24,False
scan,127250000,130.82,120,28,2a,24,False
scan,127500000,131.07,120,28,2a,24,False
scan,127750000,131.32,120,28,2a,24,False
scan,128000000,131.57,120,28,2a,24,False
scan,128250000,131.82,120,28,2a,24,False
scan,128500000,132.07,120,28,2a,24,False
scan,128750000,132.32,120,28,2a,24,False
scan,129000000,132.57,120,28,2a,24,False
scan,129250000,132.82,120,28,2a,24,False
scan,129500000,133.07,120,28,2a,24,False
scan,129750000,133.32,120,28,2a,24,False
scan,130000000,133.57,120,28,2a,24,False
scan,130250000,133.82,120,28,2a,24,False
scan,130500000,134.07,120,28,2a,24,False
scan,130750000,134.32,120,28,2a,24,False
scan,131000000,134.57,120,28,2a,24,False
scan,131250000,134.82,120,28,2a,24,False
scan,131500000,135.07,120,28,2a,24,False
scan,131750000,135.32,120,28,2a,24,False
scan,132000000,135.57,120,28,2a,24,False
scan,132250000,135.82,120,28,2a,24,False
scan,132500000,136.07,120,28,2a,24,False
scan,132750000,136.32,120,28,2a,24,False
scan,133000000,136.57,120,28,2a,24,False
scan,133250000,136.82,120,28,2a,24,False
scan,133500000,137.07,120,28,2a,24,False
scan,133750000,137.32,120,28,2a,24,False
scan,134000000,137.57,120,28,2a,24,False
scan,134250000,137.82,120,28,2a,24,False
scan,134500000,138.07,120,28,2a,24,False
scan,134750000,138.32,120,28,2a,24,False
scan,135000000,138.57,120,28,2a,24,False
scan,135250000,138.82,120,28,2a,24,False
scan,135500000,139.07,120,28,2a,24,False
scan,135750000,139.32,120,28,2a,24,False
scan,136000000,139.57,120,28,2a,24,False
scan,136250000,139.82,120,28,2a,24,False
scan,136500000,140.07,140,28,2a,24,False
scan,136750000,140.32,140,28,2a,24,False
scan,137000000,140.57,140,28,2a,24,False
scan,137250000,140.82,140,28,2a,24,False
scan,137500000,141.07,140,28,2a,24,False
scan,137750000,141.32,140,28,2a,24,False
scan,138000000,141.57,140,28,2a,24,False
scan,138250000,141.82,140,28,2a,24,False
scan,138500000,142.07,140,28,2a,14,False
scan,138750000,142.32,140,28,2a,14,False
scan,139000000,142.57,140,28,2a,14,False
scan,139250000,142.82,140,28,2a,14,False
scan,139500000,143.07,140,28,2a,14,False
scan,139750000,143.32,140,28,2a,14,False
scan,140000000,143.57,140,28,2a,14,False
scan,140250000,143.82,140,28,2a,14,False
scan,140500000,144.07,140,28,2a,14,False
scan,140750000,144.32,140,28,2a,14,False
scan,141000000,144.57,140,28,2a,14,False
scan,141250000,144.82,140,28,2a,14,False
scan,141500000,145.07,140,28,2a,14,False
scan,141750000,145.32,140,28,2a,14,False
scan,142000000,145.57,140,28,2a,14,False
scan,142250000,145.82,140,28,2a,14,False
scan,142500000,146.07,140,28,2a,14,False
scan,142750000,146.32,140,28,2a,14,False
scan,143000000,146.57,140,28,2a,14,False
scan,143250000,146.82,140,28,2a,14,False
scan,143500000,147.07,140,28,2a,14,False
scan,143750000,147.32,140,28,2a,14,False
scan,144000000,147.57,140,28,2a,14,False
scan,144250000,147.82,140,28,2a,14,False
scan,144500000,148.07,140,28,2a,14,False
scan,144750000,148.32,140,28,2a,14,False
scan,145000000,148.57,140,28,2a,14,False
scan,145250000,148.82,140,28,2a,14,False
scan,145500000,149.07,140,28,2a,14,False
scan,145750000,149.32,140,28,2a,14,False
scan,146000000,149.57,140,28,2a,14,False
scan,146250000,149.82,140,28,2a,14,False
scan,146500000,150.07,140,28,2a,14,False
scan,146750000,150.32,140,28,2a,14,False
scan,147000000,150.57,140,28,2a,14,False
scan,147250000,150.82,140,28,2a,14,False
scan,147500000,151.07,140,28,2a,14,False
scan,147750000,151.32,140,28,2a,14,False
scan,148000000,151.57,140,28,2a,14,False
scan,148250000,151.82,140,28,2a,14,False
scan,148500000,152.07,140,28,2a,14,False
scan,148750000,152.32,140,28,2a,14,False
scan,149000000,152.57,140,28,2a,14,False
scan,149250000,152.82,140,28,2a,14,False
scan,149500000,153.07,140,28,2a,14,False
scan,149750000,153.32,140,28,2a,14,False
scan,150000000,153.57,140,28,2a,14,False
scan,150250000,153.82,140,28,2a,14,False
scan,150500000,154.07,140,28,2a,14,False
scan,150750000,154.32,140,28,2a,14,False
scan,151000000,154.57,140,28,2a,14,False
scan,151250000,154.82,140,28,2a,14,False
scan,151500000,155.07,140,28,2a,14,False
scan,151750000,155.32,140,28,2a,14,False
scan,152000000,155.57,140,28,2a,14,False
scan,152250000,155.82,140,28,2a,14,False
scan,152500000,156.07,140,28,2a,14,False
scan,152750000,156.32,140,28,2a,14,False
scan,153000000,156.57,140,28,2a,14,False
scan,153250000,156.82,140,28,2a,14,False
scan,153500000,157.07,140,28,2a,14,False
scan,153750000,157.32,140,28,2a,14,False
scan,154000000,157.57,140,28,2a,14,False
scan,154250000,157.82,140,28,2a,14,False
scan,154500000,158.07,140,28,2a,14,False
scan,154750000,158.32,140,28,2a,14,False
scan,155000000,158.57,140,28,2a,14,False
scan,155250000,158.82,140,28,2a,14,False
scan,155500000,159.07,140,28,2a,14,False
scan,155750000,159.32,140,28,2a,14,False
scan,156000000,159.57,140,28,2a,14,False
scan,156250000,159.82,140,28,2a,14,False
scan,156500000,160.07,140,28,2a,14,False
scan,156750000,160.32,140,28,2a,14,False
scan,157000000,160.57,140,28,2a,14,False
scan,157250000,160.82,140,28,2a,14,False
scan,157500000,161.07,140,28,2a,14,False
scan,157750000,161.32,140,28,2a,14,False
scan,158000000,161.57,140,28,2a,14,False
scan,158250000,161.82,140,28,2a,14,False
scan,158500000,162.07,140,28,2a,14,False
scan,158750000,162.32,140,28,2a,14,False
scan,159000000,162.57,140,28,2a,14,False
scan,159250000,162.82,140,28,2a,14,False
scan,159500000,163.07,140,28,2a,14,False
scan,159750000,163.32,140,28,2a,14,False
scan,160000000,163.57,140,28,2a,14,False
scan,160250000,163.82,140,28,2a,14,False
scan,160500000,164.07,140,28,2a,14,False
scan,160750000,164.32,140,28,2a,14,False
scan,161000000,164.57,140,28,2a,14,False
scan,161250000,164.82,140,28,2a,14,False
scan,161500000,165.07,140,28,2a,14,False
scan,161750000,165.32,140,28,2a,14,False
scan,162000000,165.57,140,28,2a,14,False
scan,162250000,165.82,140,28,2a,14,False
scan,162500000,166.07,140,28,2a,14,False
scan,162750000,166.32,140,28,2a,14,False
scan,163000000,166.57,140,28,2a,14,False
scan,163250000,166.82,140,28,2a,14,False
scan,163500000,167.07,140,28,2a,14,False
scan,163750000,167.32,140,28,2a,14,False
scan,164000000,167.57,140,28,2a,14,False
scan,164250000,167.82,140,28,2a,14,False
scan,164500000,168.07,140,28,2a,14,False
scan,164750000,168.32,140,28,2a,14,False
scan,165000000,168.57,140,28,2a,14,False
scan,165250000,168.82,140,28,2a,14,False
scan,165500000,169.07,140,28,2a,14,False
scan,165750000,169.32,140,28,2a,14,False
scan,166000000,169.57,140,28,2a,14,False
scan,166250000,169.82,140,28,2a,14,False
scan,166500000,170.07,140,28,2a,14,False
scan,166750000,170.32,140,28,2a,14,False
scan,167000000,170.57,140,28,2a,14,False
scan,167250000,170.82,140,28,2a,14,False
scan,167500000,171.07,140,28,2a,14,False
scan,167750000,171.32,140,28,2a,14,False
scan,168000000,171.57,140,28,2a,14,False
scan,168250000,171.82,140,28,2a,14,False
scan,168500000,172.07,140,28,2a,14,False
scan,168750000,172.32,140,28,2a,14,False
scan,169000000,172.57,140,28,2a,14,False
scan,169250000,172.82,140,28,2a,14,False
scan,169500000,173.07,140,28,2a,14,False
scan,169750000,173.32,140,28,2a,14,False
scan,170000000,173.57,140,28,2a,14,False
scan,170250000,173.82,140,28,2a,14,False
scan,170500000,174.07,140,28,2a,14,False
scan,170750000,174.32,140,28,2a,14,False
scan,171000000,174.57,140,28,2a,14,False
scan,171250000,174.82,140,28,2a,14,False
scan,171500000,175.07,140,28,2a,14,False
scan,171750000,175.32,140,28,2a,14,False
scan,172000000,175.57,140,20,2a,14,True
scan,172250000,175.82,140,20,2a,14,True
scan,172500000,176.07,140,20,2a,14,True
scan,172750000,176.32,140,20,2a,14,True
scan,173000000,176.57,140,20,2a,14,True
scan,173250000,176.82,140,20,2a,14,True
scan,173500000,177.07,140,20,2a,14,True
scan,173750000,177.32,140,20,2a,14,True
scan,174000000,177.57,140,20,2a,14,True
scan,174250000,177.82,140,20,2a,14,True
scan,174500000,178.07,140,20,2a,14,True
scan,174750000,178.32,140,20,2a,14,True
scan,175000000,178.57,140,20,2a,14,True
scan,175250000,178.82,140,20,2a,14,True
scan,175500000,179.07,140,20,2a,14,True
scan,175750000,179.32,140,20,2a,14,True
scan,176000000,179.57,140,20,2a,14,True
scan,176250000,179.82,140,20,2a,14,True
scan,176500000,180.07,180,20,2a,14,False
scan,176750000,180.32,180,20,2a,14,False
scan,177000000,180.57,180,20,2a,14,False
scan,177250000,180.82,180,20,2a,14,False
scan,177500000,181.07,180,20,2a,14,False
scan,177750000,181.32,180,20,2a,14,False
scan,178000000,181.57,180,20,2a,14,False
scan,178250000,181.82,180,20,2a,14,False
scan,178500000,182.07,180,20,2a,13,True
scan,178750000,182.32,180,20,2a,13,True
scan,179000000,182.57,180,20,2a,13,True
scan,179250000,182.82,180,20,2a,13,True
scan,179500000,183.07,180,20,2a,13,True
scan,179750000,183.32,180,20,2a,13,True
scan,180000000,183.57,180,20,2a,13,True
scan,180250000,183.82,180,20,2a,13,True
scan,180500000,184.07,180,20,2a,13,True
scan,180750000,184.32,180,20,2a,13,True
scan,181000000,184.57,180,20,2a,13,True
scan,181250000,184.82,180,20,2a,13,True
scan,181500000,185.07,180,20,2a,13,True
scan,181750000,185.32,180,20,2a,13,True
scan,182000000,185.57,180,20,2a,13,True
scan,182250000,185.82,180,20,2a,13,True
scan,182500000,186.07,180,20,2a,13,True
scan,182750000,186.32,180,20,2a,13,True
scan,183000000,186.57,180,20,2a,13,True
scan,183250000,186.82,180,20,2a,13,True
scan,183500000,187.07,180,20,2a,13,True
scan,183750000,187.32,180,20,2a,13,True
scan,184000000,187.57,180,20,2a,13,True
scan,184250000,187.82,180,20,2a,13,True
scan,184500000,188.07,180,20,2a,13,True
scan,184750000,188.32,180,20,2a,13,True
scan,185000000,188.57,180,20,2a,13,True
scan,185250000,188.82,180,20,2a,13,True
scan,185500000,189.07,180,20,2a,13,True
scan,185750000,189.32,180,20,2a,13,True
scan,186000000,189.57,180,20,2a,13,True
scan,186250000,189.82,180,20,2a,13,True
scan,186500000,190.07,180,20,2a,13,True
scan,186750000,190.32,180,20,2a,13,True
scan,187000000,190.57,180,20,2a,13,True
scan,187250000,190.82,180,20,2a,13,True
scan,187500000,191.07,180,20,2a,13,True
scan,187750000,191.32,180,20,2a,13,True
scan,188000000,191.57,180,20,2a,13,True
scan,188250000,191.82,180,20,2a,13,True
scan,188500000,192.07,180,20,2a,13,True
scan,188750000,192.32,180,20,2a,13,True
scan,189000000,192.57,180,20,2a,13,True
scan,189250000,192.82,180,20,2a,13,True
scan,189500000,193.07,180,20,2a,13,True
scan,189750000,193.32,180,20,2a,13,True
scan,190000000,193.57,180,20,2a,13,True
scan,190250000,193.82,180,20,2a,13,True
scan,190500000,194.07,180,20,2a,13,True
scan,190750000,194.32,180,20,2a,13,True
scan,191000000,194.57,180,20,2a,13,True
scan,191250000,194.82,180,20,2a,13,True
scan,191500000,195.07,180,20,2a,13,True
scan,191750000,195.32,180,20,2a,13,True
scan,192000000,195.57,180,20,2a,13,True
scan,192250000,195.82,180,20,2a,13,True
scan,192500000,196.07,180,20,2a,13,True
scan,192750000,196.32,180,20,2a,13,True
scan,193000000,196.57,180,20,2a,13,True
scan,193250000,196.82,180,20,2a,13,True
scan,193500000,197.07,180,20,2a,13,True
scan,193750000,197.32,180,20,2a,13,True
scan,194000000,197.57,180,20,2a,13,True
scan,194250000,197.82,180,20,2a,13,True
scan,194500000,198.07,180,20,2a,13,True
scan,194750000,198.32,180,20,2a,13,True
scan,195000000,198.57,180,20,2a,13,True
scan,195250000,198.82,180,20,2a,13,True
scan,195500000,199.07,180,20,2a,13,True
scan,195750000,199.32,180,20,2a,13,True
scan,196000000,199.57,180,20,2a,13,True
scan,196250000,199.82,180,20,2a,13,True
scan,196500000,200.07,180,20,2a,13,True
scan,196750000,200.32,180,20,2a,13,True
scan,197000000,200.57,180,20,2a,13,True
scan,197250000,200.82,180,20,2a,13,True
scan,197500000,201.07,180,20,2a,13,True
scan,197750000,201.32,180,20,2a,13,True
scan,198000000,201.57,180,20,2a,13,True
scan,198250000,201.82,180,20,2a,13,True
scan,198500000,202.07,180,20,2a,13,True
scan,198750000,202.32,180,20,2a,13,True
scan,199000000,202.57,180,20,2a,13,True
scan,199250000,202.82,180,20,2a,13,True
scan,199500000,203.07,180,20,2a,13,True
scan,199750000,203.32,180,20,2a,13,True
scan,200000000,203.57,180,20,2a,13,True
scan,200250000,203.82,180,20,2a,13,True
scan,200500000,204.07,180,20,2a,13,True
scan,200750000,204.32,180,20,2a,13,True
scan,201000000,204.57,180,20,2a,13,True
scan,201250000,204.82,180,20,2a,13,True
scan,201500000,205.07,180,20,2a,13,True
scan,201750000,205.32,180,20,2a,13,True
scan,202000000,205.57,180,20,2a,13,True
scan,202250000,205.82,180,20,2a,13,True
scan,202500000,206.07,180,20,2a,13,True
scan,202750000,206.32,180,20,2a,13,True
scan,203000000,206.57,180,20,2a,13,True
scan,203250000,206.82,180,20,2a,13,True
scan,203500000,207.07,180,20,2a,13,True
scan,203750000,207.32,180,20,2a,13,True
scan,204000000,207.57,180,20,2a,13,True
scan,204250000,207.82,180,20,2a,13,True
scan,204500000,208.07,180,20,2a,13,True
scan,204750000,208.32,180,20,2a,13,True
scan,205000000,208.57,180,20,2a,13,True
scan,205250000,208.82,180,20,2a,13,True
scan,205500000,209.07,180,20,2a,13,True
scan,205750000,209.32,180,20,2a,13,True
scan,206000000,209.57,180,20,2a,13,True
scan,206250000,209.82,180,20,2a,13,True
scan,206500000,210.07,180,20,2a,13,True
scan,206750000,210.32,180,20,2a,13,True
scan,207000000,210.57,180,20,2a,13,True
scan,207250000,210.82,180,20,2a,13,True
scan,207500000,211.07,180,20,2a,13,True
scan,207750000,211.32,180,20,2a,13,True
scan,208000000,211.57,180,20,2a,13,True
scan,208250000,211.82,180,20,2a,13,True
scan,208500000,212.07,180,20,2a,13,True
scan,208750000,212.32,180,20,2a,13,True
scan,209000000,212.57,180,20,2a,13,True
scan,209250000,212.82,180,20,2a,13,True
scan,209500000,213.07,180,20,2a,13,True
scan,209750000,213.32,180,20,2a,13,True
scan,210000000,213.57,180,20,2a,13,True
scan,210250000,213.82,180,20,2a,13,True
scan,210500000,214.07,180,20,2a,13,True
scan,210750000,214.32,180,20,2a,13,True
scan,211000000,214.57,180,20,2a,13,True
scan,211250000,214.82,180,20,2a,13,True
scan,211500000,215.07,180,20,2a,13,True
scan,211750000,215.32,180,20,2a,13,True
scan,212000000,215.57,180,20,2a,13,True
scan,212250000,215.82,180,20,2a,13,True
scan,212500000,216.07,180,20,2a,13,True
scan,212750000,216.32,180,20,2a,13,True
scan,213000000,216.57,180,20,2a,13,True
scan,213250000,216.82,180,20,2a,13,True
scan,213500000,217.07,180,20,2a,13,True
scan,213750000,217.32,180,20,2a,13,True
scan,214000000,217.57,180,20,2a,13,True
scan,214250000,217.82,180,20,2a,13,True
scan,214500000,218.07,180,20,2a,13,True
scan,214750000,218.32,180,20,2a,13,True
scan,215000000,218.57,180,20,2a,13,True
scan,215250000,218.82,180,20,2a,13,True
scan,215500000,219.07,180,20,2a,13,True
scan,215750000,219.32,180,20,2a,13,True
scan,216000000,219.57,180,20,2a,13,True
scan,216250000,219.82,180,20,2a,13,True
scan,216500000,220.07,220,20,2a,13,True
scan,216750000,220.32,220,20,2a,13,True
scan,217000000,220.57,220,20,2a,13,True
scan,217250000,220.82,220,20,2a,13,True
scan,217500000,221.07,220,20,2a,13,True
scan,217750000,221.32,220,20,2a,13,True
scan,218000000,221.57,220,20,2a,13,True
scan,218250000,221.82,220,20,2a,13,True
scan,218500000,222.07,220,20,2a,13,True
scan,218750000,222.32,220,20,2a,13,True
scan,219000000,222.57,220,20,2a,13,True
scan,219250000,222.82,220,20,2a,13,True
scan,219500000,223.07,220,20,2a,13,True
scan,219750000,223.32,220,20,2a,13,True
scan,220000000,223.57,220,20,2a,13,True
scan,220250000,223.82,220,20,2a,13,True
scan,220500000,224.07,220,20,2a,13,True
scan,220750000,224.32,220,20,2a,13,True
scan,221000000,224.57,220,20,2a,13,True
scan,221250000,224.82,220,20,2a,13,True
scan,221500000,225.07,220,20,2a,13,True
scan,221750000,225.32,220,20,2a,13,True
scan,222000000,225.57,220,20,2a,13,True
scan,222250000,225.82,220,20,2a,13,True
scan,222500000,226.07,220,20,2a,13,True
scan,222750000,226.32,220,20,2a,13,True
scan,223000000,226.57,220,20,2a,13,True
scan,223250000,226.82,220,20,2a,13,True
scan,223500000,227.07,220,20,2a,13,True
scan,223750000,227.32,220,20,2a,13,True
scan,224000000,227.57,220,20,2a,13,True
scan,224250000,227.82,220,20,2a,13,True
scan,224500000,228.07,220,20,2a,13,True
scan,224750000,228.32,220,20,2a,13,True
scan,225000000,228.57,220,20,2a,13,True
scan,225250000,228.82,220,20,2a,13,True
scan,225500000,229.07,220,20,2a,13,True
scan,225750000,229.32,220,20,2a,13,True
scan,226000000,229.57,220,20,2a,13,True
scan,226250000,229.82,220,20,2a,13,True
scan,226500000,230.07,220,20,2a,13,True
scan,226750000,230.32,220,20,2a,13,True
scan,227000000,230.57,220,20,2a,13,True
scan,227250000,230.82,220,20,2a,13,True
scan,227500000,231.07,220,20,2a,13,True
scan,227750000,231.32,220,20,2a,13,True
scan,228000000,231.57,220,20,2a,13,True
scan,228250000,231.82,220,20,2a,13,True
scan,228500000,232.07,220,20,2a,13,True
scan,228750000,232.32,220,20,2a,13,True
scan,229000000,232.57,220,20,2a,13,True
scan,229250000,232.82,220,20,2a,13,True
scan,229500000,233.07,220,20,2a,13,True
scan,229750000,233.32,220,20,2a,13,True
scan,230000000,233.57,220,20,2a,13,True
scan,230250000,233.82,220,20,2a,13,True
scan,230500000,234.07,220,20,2a,13,True
scan,230750000,234.32,220,20,2a,13,True
scan,231000000,234.57,220,20,2a,13,True
scan,231250000,234.82,220,20,2a,13,True
scan,231500000,235.07,220,20,2a,13,True
scan,231750000,235.32,220,20,2a,13,True
scan,232000000,235.57,220,20,2a,13,True
scan,232250000,235.82,220,20,2a,13,True
scan,232500000,236.07,220,20,2a,13,True
scan,232750000,236.32,220,20,2a,13,True
scan,233000000,236.57,220,20,2a,13,True
scan,233250000,236.82,220,20,2a,13,True
scan,233500000,237.07,220,20,2a,13,True
scan,233750000,237.32,220,20,2a,13,True
scan,234000000,237.57,220,20,2a,13,True
scan,234250000,237.82,220,20,2a,13,True
scan,234500000,238.07,220,20,2a,13,True
scan,234750000,238.32,220,20,2a,13,True
scan,235000000,238.57,220,20,2a,13,True
scan,235250000,238.82,220,20,2a,13,True
scan,235500000,239.07,220,20,2a,13,True
scan,235750000,239.32,220,20,2a,13,True
scan,236000000,239.57,220,20,2a,13,True
scan,236250000,239.82,220,20,2a,13,True
scan,236500000,240.07,220,20,2a,13,True
scan,236750000,240.32,220,20,2a,13,True
scan,237000000,240.57,220,20,2a,13,True
scan,237250000,240.82,220,20,2a,13,True
scan,237500000,241.07,220,20,2a,13,True
scan,237750000,241.32,220,20,2a,13,True
scan,238000000,241.57,220,20,2a,13,True
scan,238250000,241.82,220,20,2a,13,True
scan,238500000,242.07,220,20,2a,13,True
scan,238750000,242.32,220,20,2a,13,True
scan,239000000,242.57,220,20,2a,13,True
scan,239250000,242.82,220,20,2a,13,True
scan,239500000,243.07,220,20,2a,13,True
scan,239750000,243.32,220,20,2a,13,True
scan,240000000,243.57,220,20,2a,13,True
scan,240250000,243.82,220,20,2a,13,True
scan,240500000,244.07,220,20,2a,13,True
scan,240750000,244.32,220,20,2a,13,True
scan,241000000,244.57,220,20,2a,13,True
scan,241250000,244.82,220,20,2a,13,True
scan,241500000,245.07,220,20,2a,13,True
scan,241750000,245.32,220,20,2a,13,True
scan,242000000,245.57,220,20,2a,13,True
scan,242250000,245.82,220,28,2a,13,False
scan,242500000,246.07,220,28,2a,13,False
scan,242750000,246.32,220,28,2a,13,False
scan,243000000,246.57,220,28,2a,13,False
scan,243250000,246.82,220,28,2a,13,False
scan,243500000,247.07,220,28,2a,13,False
scan,243750000,247.32,220,28,2a,13,False
scan,244000000,247.57,220,28,2a,13,False
scan,244250000,247.82,220,28,2a,13,False
scan,244500000,248.07,220,28,2a,13,False
scan,244750000,248.32,220,28,2a,13,False
scan,245000000,248.57,220,28,2a,13,False
scan,245250000,248.82,220,28,2a,13,False
scan,245500000,249.07,220,28,2a,13,False
scan,245750000,249.32,220,28,2a,13,False
scan,246000000,249.57,220,28,2a,13,False
scan,246250000,249.82,220,28,2a,13,False
scan,246500000,250.07,250,28,2a,13,False
scan,246750000,250.32,250,28,2a,13,False
scan,247000000,250.57,250,28,2a,13,False
scan,247250000,250.82,250,28,2a,13,False
scan,247500000,251.07,250,28,2a,13,False
scan,247750000,251.32,250,28,2a,13,False
scan,248000000,251.57,250,28,2a,13,False
scan,248250000,251.82,250,28,2a,13,False
scan,248500000,252.07,250,28,2a,11,False
scan,248750000,252.32,250,28,2a,11,False
scan,249000000,252.57,250,28,2a,11,False
scan,249250000,252.82,250,28,2a,11,False
scan,249500000,253.07,250,28,2a,11,False
scan,249750000,253.32,250,28,2a,11,False
scan,250000000,253.57,250,28,2a,11,False
scan,250250000,253.82,250,28,2a,11,False
scan,250500000,254.07,250,28,2a,11,False
scan,250750000,254.32,250,28,2a,11,False
scan,251000000,254.57,250,28,2a,11,False
scan,251250000,254.82,250,28,2a,11,False
scan,251500000,255.07,250,28,2a,11,False
scan,251750000,255.32,250,28,2a,11,False
scan,252000000,255.57,250,28,2a,11,False
scan,252250000,255.82,250,28,2a,11,False
scan,252500000,256.07,250,28,2a,11,False
scan,252750000,256.32,250,28,2a,11,False
scan,253000000,256.57,250,28,2a,11,False
scan,253250000,256.82,250,28,2a,11,False
scan,253500000,257.07,250,28,2a,11,False
scan,253750000,257.32,250,28,2a,11,False
scan,254000000,257.57,250,28,2a,11,False
scan,254250000,257.82,250,28,2a,11,False
scan,254500000,258.07,250,28,2a,11,False
scan,254750000,258.32,250,28,2a,11,False
scan,255000000,258.57,250,28,2a,11,False
scan,255250000,258.82,250,28,2a,11,False
scan,255500000,259.07,250,28,2a,11,False
scan,255750000,259.32,250,28,2a,11,False
scan,256000000,259.57,250,28,2a,11,False
scan,256250000,259.82,250,28,2a,11,False
scan,256500000,260.07,250,28,2a,11,False
scan,256750000,260.32,250,28,2a,11,False
scan,257000000,260.57,250,28,2a,11,False
scan,257250000,260.82,250,28,2a,11,False
scan,257500000,261.07,250,28,2a,11,False
scan,257750000,261.32,250,28,2a,11,False
scan,258000000,261.57,250,28,2a,11,False
scan,258250000,261.82,250,28,2a,11,False
scan,258500000,262.07,250,28,2a,11,False
scan,258750000,262.32,250,28,2a,11,False
scan,259000000,262.57,250,28,2a,11,False
scan,259250000,262.82,250,28,2a,11,False
scan,259500000,263.07,250,28,2a,11,False
scan,259750000,263.32,250,28,2a,11,False
scan,260000000,263.57,250,28,2a,11,False
scan,260250000,263.82,250,28,2a,11,False
scan,260500000,264.07,250,28,2a,11,False
scan,260750000,264.32,250,28,2a,11,False
scan,261000000,264.57,250,28,2a,11,False
scan,261250000,264.82,250,28,2a,11,False
scan,261500000,265.07,250,28,2a,11,False
scan,261750000,265.32,250,28,2a,11,False
scan,262000000,265.57,250,28,2a,11,False
scan,262250000,265.82,250,28,2a,11,False
scan,262500000,266.07,250,28,2a,11,False
scan,262750000,266.32,250,28,2a,11,False
scan,263000000,266.57,250,28,2a,11,False
scan,263250000,266.82,250,28,2a,11,False
scan,263500000,267.07,250,28,2a,11,False
scan,263750000,267.32,250,28,2a,11,False
scan,264000000,267.57,250,28,2a,11,False
scan,264250000,267.82,250,28,2a,11,False
scan,264500000,268.07,250,28,2a,11,False
scan,264750000,268.32,250,28,2a,11,False
scan,265000000,268.57,250,28,2a,11,False
scan,265250000,268.82,250,28,2a,11,False
scan,265500000,269.07,250,28,2a,11,False
scan,265750000,269.32,250,28,2a,11,False
scan,266000000,269.57,250,28,2a,11,False
scan,266250000,269.82,250,28,2a,11,False
scan,266500000,270.07,250,28,2a,11,False
scan,266750000,270.32,250,28,2a,11,False
scan,267000000,270.57,250,28,2a,11,False
scan,267250000,270.82,250,28,2a,11,False
scan,267500000,271.07,250,28,2a,11,False
scan,267750000,271.32,250,28,2a,11,False
scan,268000000,271.57,250,28,2a,11,False
scan,268250000,271.82,250,28,2a,11,False
scan,268500000,272.07,250,28,2a,11,False
scan,268750000,272.32,250,28,2a,11,False
scan,269000000,272.57,250,28,2a,11,False
scan,269250000,272.82,250,28,2a,11,False
scan,269500000,273.07,250,28,2a,11,False
scan,269750000,273.32,250,28,2a,11,False
scan,270000000,273.57,250,28,2a,11,False
scan,270250000,273.82,250,28,2a,11,False
scan,270500000,274.07,250,28,2a,11,False
scan,270750000,274.32,250,28,2a,11,False
scan,271000000,274.57,250,28,2a,11,False
scan,271250000,274.82,250,28,2a,11,False
scan,271500000,275.07,250,28,2a,11,False
scan,271750000,275.32,250,28,2a,11,False
scan,272000000,275.57,250,28,2a,11,False
scan,272250000,275.82,250,28,2a,11,False
scan,272500000,276.07,250,28,2a,11,False
scan,272750000,276.32,250,28,2a,11,False
scan,273000000,276.57,250,28,2a,11,False
scan,273250000,276.82,250,28,2a,11,False
scan,273500000,277.07,250,28,2a,11,False
scan,273750000,277.32,250,28,2a,11,False
scan,274000000,277.57,250,28,2a,11,False
scan,274250000,277.82,250,28,2a,11,False
scan,274500000,278.07,250,28,2a,11,False
scan,274750000,278.32,250,28,2a,11,False
scan,275000000,278.57,250,28,2a,11,False
scan,275250000,278.82,250,28,2a,11,False
scan,275500000,279.07,250,28,2a,11,False
scan,275750000,279.32,250,28,2a,11,False
scan,276000000,279.57,250,28,2a,11,False
scan,276250000,279.82,250,28,2a,11,False
scan,276500000,280.07,280,28,2a,11,False
scan,276750000,280.32,280,28,2a,11,False
scan,277000000,280.57,280,28,2a,11,False
scan,277250000,280.82,280,28,2a,11,False
scan,277500000,281.07,280,28,2a,11,False
scan,277750000,281.32,280,28,2a,11,False
scan,278000000,281.57,280,28,2a,11,False
scan,278250000,281.82,280,28,2a,11,False
scan,278500000,282.07,280,28,2a,00,False
scan,278750000,282.32,280,28,2a,00,False
scan,279000000,282.57,280,28,2a,00,False
scan,279250000,282.82,280,28,2a,00,False
scan,279500000,283.07,280,28,2a,00,False
scan,279750000,283.32,280,28,2a,00,False
scan,280000000,283.57,280,28,2a,00,False
scan,280250000,283.82,280,28,2a,00,False
scan,280500000,284.07,280,28,2a,00,False
scan,280750000,284.32,280,28,2a,00,False
scan,281000000,284.57,280,28,2a,00,False
scan,281250000,284.82,280,28,2a,00,False
scan,281500000,285.07,280,28,2a,00,False
scan,281750000,285.32,280,28,2a,00,False
scan,282000000,285.57,280,28,2a,00,False
scan,282250000,285.82,280,28,2a,00,False
scan,282500000,286.07,280,28,2a,00,False
scan,282750000,286.32,280,28,2a,00,False
scan,283000000,286.57,280,28,2a,00,False
scan,283250000,286.82,280,28,2a,00,False
scan,283500000,287.07,280,28,2a,00,False
scan,283750000,287.32,280,28,2a,00,False
scan,284000000,287.57,280,28,2a,00,False
scan,284250000,287.82,280,28,2a,00,False
scan,284500000,288.07,280,28,2a,00,False
scan,284750000,288.32,280,28,2a,00,False
scan,285000000,288.57,280,28,2a,00,False
scan,285250000,288.82,280,28,2a,00,False
scan,285500000,289.07,280,28,2a,00,False
scan,285750000,289.32,280,28,2a,00,False
scan,286000000,289.57,280,28,2a,00,False
scan,286250000,289.82,280,28,2a,00,False
scan,286500000,290.07,280,28,2a,00,False
scan,286750000,290.32,280,28,2a,00,False
scan,287000000,290.57,280,28,2a,00,False
scan,287250000,290.82,280,28,2a,00,False
scan,287500000,291.07,280,28,2a,00,False
scan,287750000,291.32,280,28,2a,00,False
scan,288000000,291.57,280,28,2a,00,False
scan,288250000,291.82,280,28,2a,00,False
scan,288500000,292.07,280,28,2a,00,False
scan,288750000,292.32,280,28,2a,00,False
scan,289000000,292.57,280,28,2a,00,False
scan,289250000,292.82,280,28,2a,00,False
scan,289500000,293.07,280,28,2a,00,False
scan,289750000,293.32,280,28,2a,00,False
scan,290000000,293.57,280,28,2a,00,False
scan,290250000,293.82,280,28,2a,00,False
scan,290500000,294.07,280,28,2a,00,False
scan,290750000,294.32,280,28,2a,00,False
scan,291000000,294.57,280,28,2a,00,False
scan,291250000,294.82,280,28,2a,00,False
scan,291500000,295.07,280,28,2a,00,False
scan,291750000,295.32,280,28,2a,00,False
scan,292000000,295.57,280,28,2a,00,False
scan,292250000,295.82,280,28,2a,00,False
scan,292500000,296.07,280,28,2a,00,False
scan,292750000,296.32,280,28,2a,00,False
scan,293000000,296.57,280,28,2a,00,False
scan,293250000,296.82,280,28,2a,00,False
scan,293500000,297.07,280,28,2a,00,False
scan,293750000,297.32,280,28,2a,00,False
scan,294000000,297.57,280,28,2a,00,False
scan,294250000,297.82,280,28,2a,00,False
scan,294500000,298.07,280,28,2a,00,False
scan,294750000,298.32,280,28,2a,00,False
scan,295000000,298.57,280,28,2a,00,False
scan,295250000,298.82,280,28,2a,00,False
scan,295500000,299.07,280,28,2a,00,False
scan,295750000,299.32,280,28,2a,00,False
scan,296000000,299.57,280,28,2a,00,False
scan,296250000,299.82,280,28,2a,00,False
scan,296500000,300.07,280,28,2a,00,False
scan,296750000,300.32,280,28,2a,00,False
scan,297000000,300.57,280,28,2a,00,False
scan,297250000,300.82,280,28,2a,00,False
scan,297500000,301.07,280,28,2a,00,False
scan,297750000,301.32,280,28,2a,00,False
scan,298000000,301.57,280,28,2a,00,False
scan,298250000,301.82,280,28,2a,00,False
scan,298500000,302.07,280,28,2a,00,False
scan,298750000,302.32,280,28,2a,00,False
scan,299000000,302.57,280,28,2a,00,False
scan,299250000,302.82,280,28,2a,00,False
scan,299500000,303.07,280,28,2a,00,False
scan,299750000,303.32,280,28,2a,00,False
scan,300000000,303.57,280,28,2a,00,False
scan,300250000,303.82,280,28,2a,00,False
scan,300500000,304.07,280,28,2a,00,False
scan,300750000,304.32,280,28,2a,00,False
scan,301000000,304.57,280,28,2a,00,False
scan,301250000,304.82,280,28,2a,00,False
scan,301500000,305.07,280,28,2a,00,False
scan,301750000,305.32,280,28,2a,00,False
scan,302000000,305.57,280,28,2a,00,False
scan,302250000,305.82,280,28,2a,00,False
scan,302500000,306.07,280,28,2a,00,False
scan,302750000,306.32,280,28,2a,00,False
scan,303000000,306.57,280,28,2a,00,False
scan,303250000,306.82,280,28,2a,00,False
scan,303500000,307.07,280,28,2a,00,False
scan,303750000,307.32,280,28,2a,00,False
scan,304000000,307.57,280,28,2a,00,False
scan,304250000,307.82,280,28,2a,00,False
scan,304500000,308.07,280,28,2a,00,False
scan,304750000,308.32,280,28,2a,00,False
scan,305000000,308.57,280,28,2a,00,False
scan,305250000,308.82,280,28,2a,00,False
scan,305500000,309.07,280,28,2a,00,False
scan,305750000,309.32,280,28,2a,00,False
scan,306000000,309.57,280,28,2a,00,False
scan,306250000,309.82,280,28,2a,00,False
scan,306500000,310.07,310,28,2a,00,False
scan,306750000,310.32,310,28,2a,00,False
scan,307000000,310.57,310,28,2a,00,False
scan,307250000,310.82,310,28,2a,00,False
scan,307500000,311.07,310,28,2a,00,False
scan,307750000,311.32,310,28,2a,00,False
scan,308000000,311.57,310,28,2a,00,False
scan,308250000,311.82,310,28,2a,00,False
scan,308500000,312.07,310,28,69,00,False
scan,308750000,312.32,310,28,69,00,False
scan,309000000,312.57,310,28,69,00,False
scan,309250000,312.82,310,28,69,00,False
scan,309500000,313.07,310,28,69,00,False
scan,309750000,313.32,310,28,69,00,False
scan,310000000,313.57,310,28,69,00,False
scan,310250000,313.82,310,28,69,00,False
scan,310500000,314.07,310,28,69,00,False
scan,310750000,314.32,310,28,69,00,False
scan,311000000,314.57,310,28,69,00,False
scan,311250000,314.82,310,28,69,00,False
scan,311500000,315.07,310,28,69,00,False
scan,311750000,315.32,310,28,69,00,False
scan,312000000,315.57,310,28,69,00,False
scan,312250000,315.82,310,28,69,00,False
scan,312500000,316.07,310,28,69,00,False
scan,312750000,316.32,310,28,69,00,False
scan,313000000,316.57,310,28,69,00,False
scan,313250000,316.82,310,28,69,00,False
scan,313500000,317.07,310,28,69,00,False
scan,313750000,317.32,310,28,69,00,False
scan,314000000,317.57,310,28,69,00,False
scan,314250000,317.82,310,28,69,00,False
scan,314500000,318.07,310,28,69,00,False
scan,314750000,318.32,310,28,69,00,False
scan,315000000,318.57,310,28,69,00,False
scan,315250000,318.82,310,28,69,00,False
scan,315500000,319.07,310,28,69,00,False
scan,315750000,319.32,310,28,69,00,False
scan,316000000,319.57,310,28,69,00,False
scan,316250000,319.82,310,28,69,00,False
scan,316500000,320.07,310,28,69,00,False
scan,316750000,320.32,310,28,69,00,False
scan,317000000,320.57,310,28,69,00,False
scan,317250000,320.82,310,28,69,00,False
scan,317500000,321.07,310,28,69,00,False
scan,317750000,321.32,310,28,69,00,False
scan,318000000,321.57,310,28,69,00,False
scan,318250000,321.82,310,28,69,00,False
scan,318500000,322.07,310,28,69,00,False
scan,318750000,322.32,310,28,69,00,False
scan,319000000,322.57,310,28,69,00,False
scan,319250000,322.82,310,28,69,00,False
scan,319500000,323.07,310,28,69,00,False
scan,319750000,323.32,310,28,69,00,False
scan,320000000,323.57,310,28,69,00,False
scan,320250000,323.82,310,28,69,00,False
scan,320500000,324.07,310,28,69,00,False
scan,320750000,324.32,310,28,69,00,False
scan,321000000,324.57,310,28,69,00,False
scan,321250000,324.82,310,28,69,00,False
scan,321500000,325.07,310,28,69,00,False
scan,321750000,325.32,310,28,69,00,False
scan,322000000,325.57,310,28,69,00,False
scan,322250000,325.82,310,28,69,00,False
scan,322500000,326.07,310,28,69,00,False
scan,322750000,326.32,310,28,69,00,False
scan,323000000,326.57,310,28,69,00,False
scan,323250000,326.82,310,28,69,00,False
scan,323500000,327.07,310,28,69,00,False
scan,323750000,327.32,310,28,69,00,False
scan,324000000,327.57,310,28,69,00,False
scan,324250000,327.82,310,28,69,00,False
scan,324500000,328.07,310,28,69,00,False
scan,324750000,328.32,310,28,69,00,False
scan,325000000,328.57,310,28,69,00,False
scan,325250000,328.82,310,28,69,00,False
scan,325500000,329.07,310,28,69,00,False
scan,325750000,329.32,310,28,69,00,False
scan,326000000,329.57,310,28,69,00,False
scan,326250000,329.82,310,28,69,00,False
scan,326500000,330.07,310,28,69,00,False
scan,326750000,330.32,310,28,69,00,False
scan,327000000,330.57,310,28,69,00,False
scan,327250000,330.82,310,28,69,00,False
scan,327500000,331.07,310,28,69,00,False
scan,327750000,331.32,310,28,69,00,False
scan,328000000,331.57,310,28,69,00,False
scan,328250000,331.82,310,28,69,00,False
scan,328500000,332.07,310,28,69,00,False
scan,328750000,332.32,310,28,69,00,False
scan,329000000,332.57,310,28,69,00,False
scan,329250000,332.82,310,28,69,00,False
scan,329500000,333.07,310,28,69,00,False
scan,329750000,333.32,310,28,69,00,False
scan,330000000,333.57,310,28,69,00,False
scan,330250000,333.82,310,28,69,00,False
scan,330500000,334.07,310,28,69,00,False
scan,330750000,334.32,310,28,69,00,False
scan,331000000,334.57,310,28,69,00,False
scan,331250000,334.82,310,28,69,00,False
scan,331500000,335.07,310,28,69,00,False
scan,331750000,335.32,310,28,69,00,False
scan,332000000,335.57,310,28,69,00,False
scan,332250000,335.82,310,28,69,00,False
scan,332500000,336.07,310,28,69,00,False
scan,332750000,336.32,310,28,69,00,False
scan,333000000,336.57,310,28,69,00,False
scan,333250000,336.82,310,28,69,00,False
scan,333500000,337.07,310,28,69,00,False
scan,333750000,337.32,310,28,69,00,False
scan,334000000,337.57,310,28,69,00,False
scan,334250000,337.82,310,28,69,00,False
scan,334500000,338.07,310,28,69,00,False
scan,334750000,338.32,310,28,69,00,False
scan,335000000,338.57,310,28,69,00,False
scan,335250000,338.82,310,28,69,00,False
scan,335500000,339.07,310,28,69,00,False
scan,335750000,339.32,310,28,69,00,False
scan,336000000,339.57,310,28,69,00,False
scan,336250000,339.82,310,28,69,00,False
scan,336500000,340.07,310,28,69,00,False
scan,336750000,340.32,310,28,69,00,False
scan,337000000,340.57,310,28,69,00,False
scan,337250000,340.82,310,28,69,00,False
scan,337500000,341.07,310,28,69,00,False
scan,337750000,341.32,310,28,69,00,False
scan,338000000,341.57,310,28,69,00,False
scan,338250000,341.82,310,28,69,00,False
scan,338500000,342.07,310,28,69,00,False
scan,338750000,342.32,310,28,69,00,False
scan,339000000,342.57,310,28,69,00,False
scan,339250000,342.82,310,28,69,00,False
scan,339500000,343.07,310,28,69,00,False
scan,339750000,343.32,310,28,69,00,False
scan,340000000,343.57,310,28,69,00,False
scan,340250000,343.82,310,28,69,00,False
scan,340500000,344.07,310,28,69,00,False
scan,340750000,344.32,310,28,69,00,False
scan,341000000,344.57,310,28,69,00,False
scan,341250000,344.82,310,28,69,00,False
scan,341500000,345.07,310,28,69,00,False
scan,341750000,345.32,310,28,69,00,False
scan,342000000,345.57,310,28,69,00,False
scan,342250000,345.82,310,28,69,00,False
scan,342500000,346.07,310,28,69,00,False
scan,342750000,346.32,310,28,69,00,False
scan,343000000,346.57,310,28,69,00,False
scan,343250000,346.82,310,28,69,00,False
scan,343500000,347.07,310,28,69,00,False
scan,343750000,347.32,310,28,69,00,False
scan,344000000,347.57,310,28,69,00,False
scan,344250000,347.82,310,28,69,00,False
scan,344500000,348.07,310,28,69,00,False
scan,344750000,348.32,310,28,69,00,False
scan,345000000,348.57,310,28,69,00,False
scan,345250000,348.82,310,28,69,00,False
scan,345500000,349.07,310,28,69,00,False
scan,345750000,349.32,310,28,69,00,False
scan,346000000,349.57,310,28,69,00,False
scan,346250000,349.82,310,28,69,00,False
scan,346500000,350.07,310,28,69,00,False
scan,346750000,350.32,310,28,69,00,False
scan,347000000,350.57,310,28,69,00,False
scan,347250000,350.82,310,28,69,00,False
scan,347500000,351.07,310,28,69,00,False
scan,347750000,351.32,310,28,69,00,False
scan,348000000,351.57,310,28,69,00,False
scan,348250000,351.82,310,28,69,00,False
scan,348500000,352.07,310,28,69,00,False
scan,348750000,352.32,310,28,69,00,False
scan,349000000,352.57,310,28,69,00,False
scan,349250000,352.82,310,28,69,00,False
scan,349500000,353.07,310,28,69,00,False
scan,349750000,353.32,310,28,69,00,False
scan,350000000,353.57,310,28,69,00,False
scan,350250000,353.82,310,28,69,00,False
scan,350500000,354.07,310,28,69,00,False
scan,350750000,354.32,310,28,69,00,False
scan,351000000,354.57,310,28,69,00,False
scan,351250000,354.82,310,28,69,00,False
scan,351500000,355.07,310,28,69,00,False
scan,351750000,355.32,310,28,69,00,False
scan,352000000,355.57,310,28,69,00,False
scan,352250000,355.82,310,28,69,00,False
scan,352500000,356.07,310,28,69,00,False
scan,352750000,356.32,310,28,69,00,False
scan,353000000,356.57,310,28,69,00,False
scan,353250000,356.82,310,28,69,00,False
scan,353500000,357.07,310,28,69,00,False
scan,353750000,357.32,310,28,69,00,False
scan,354000000,357.57,310,28,69,00,False
scan,354250000,357.82,310,28,69,00,False
scan,354500000,358.07,310,28,69,00,False
scan,354750000,358.32,310,28,69,00,False
scan,355000000,358.57,310,28,69,00,False
scan,355250000,358.82,310,28,69,00,False
scan,355500000,359.07,310,28,69,00,False
scan,355750000,359.32,310,28,69,00,False
scan,356000000,359.57,310,28,69,00,False
scan,356250000,359.82,310,28,69,00,False
scan,356500000,360.07,310,28,69,00,False
scan,356750000,360.32,310,28,69,00,False
scan,357000000,360.57,310,28,69,00,False
scan,357250000,360.82,310,28,69,00,False
scan,357500000,361.07,310,28,69,00,False
scan,357750000,361.32,310,28,69,00,False
scan,358000000,361.57,310,28,69,00,False
scan,358250000,361.82,310,28,69,00,False
scan,358500000,362.07,310,28,69,00,False
scan,358750000,362.32,310,28,69,00,False
scan,359000000,362.57,310,28,69,00,False
scan,359250000,362.82,310,28,69,00,False
scan,359500000,363.07,310,28,69,00,False
scan,359750000,363.32,310,28,69,00,False
scan,360000000,363.57,310,28,69,00,False
scan,360250000,363.82,310,28,69,00,False
scan,360500000,364.07,310,28,69,00,False
scan,360750000,364.32,310,28,69,00,False
scan,361000000,364.57,310,28,69,00,False
scan,361250000,364.82,310,28,69,00,False
scan,361500000,365.07,310,28,69,00,False
scan,361750000,365.32,310,28,69,00,False
scan,362000000,365.57,310,28,69,00,False
scan,362250000,365.82,310,28,69,00,False
scan,362500000,366.07,310,28,69,00,False
scan,362750000,366.32,310,28,69,00,False
scan,363000000,366.57,310,28,69,00,False
scan,363250000,366.82,310,28,69,00,False
scan,363500000,367.07,310,28,69,00,False
scan,363750000,367.32,310,28,69,00,False
scan,364000000,367.57,310,28,69,00,False
scan,364250000,367.82,310,28,69,00,False
scan,364500000,368.07,310,28,69,00,False
scan,364750000,368.32,310,28,69,00,False
scan,365000000,368.57,310,28,69,00,False
scan,365250000,368.82,310,28,69,00,False
scan,365500000,369.07,310,28,69,00,False
scan,365750000,369.32,310,28,69,00,False
scan,366000000,369.57,310,28,69,00,False
scan,366250000,369.82,310,28,69,00,False
scan,366500000,370.07,310,28,69,00,False
scan,366750000,370.32,310,28,69,00,False
scan,367000000,370.57,310,28,69,00,False
scan,367250000,370.82,310,28,69,00,False
scan,367500000,371.07,310,28,69,00,False
scan,367750000,371.32,310,28,69,00,False
scan,368000000,371.57,310,28,69,00,False
scan,368250000,371.82,310,28,69,00,False
scan,368500000,372.07,310,28,69,00,False
scan,368750000,372.32,310,28,69,00,False
scan,369000000,372.57,310,28,69,00,False
scan,369250000,372.82,310,28,69,00,False
scan,369500000,373.07,310,28,69,00,False
scan,369750000,373.32,310,28,69,00,False
scan,370000000,373.57,310,28,69,00,False
scan,370250000,373.82,310,28,69,00,False
scan,370500000,374.07,310,28,69,00,False
scan,370750000,374.32,310,28,69,00,False
scan,371000000,374.57,310,28,69,00,False
scan,371250000,374.82,310,28,69,00,False
scan,371500000,375.07,310,28,69,00,False
scan,371750000,375.32,310,28,69,00,False
scan,372000000,375.57,310,28,69,00,False
scan,372250000,375.82,310,28,69,00,False
scan,372500000,376.07,310,28,69,00,False
scan,372750000,376.32,310,28,69,00,False
scan,373000000,376.57,310,28,69,00,False
scan,373250000,376.82,310,28,69,00,False
scan,373500000,377.07,310,28,69,00,False
scan,373750000,377.32,310,28,69,00,False
scan,374000000,377.57,310,28,69,00,False
scan,374250000,377.82,310,28,69,00,False
scan,374500000,378.07,310,28,69,00,False
scan,374750000,378.32,310,28,69,00,False
scan,375000000,378.57,310,28,69,00,False
scan,375250000,378.82,310,28,69,00,False
scan,375500000,379.07,310,28,69,00,False
scan,375750000,379.32,310,28,69,00,False
scan,376000000,379.57,310,28,69,00,False
scan,376250000,379.82,310,28,69,00,False
scan,376500000,380.07,310,28,69,00,False
scan,376750000,380.32,310,28,69,00,False
scan,377000000,380.57,310,28,69,00,False
scan,377250000,380.82,310,28,69,00,False
scan,377500000,381.07,310,28,69,00,False
scan,377750000,381.32,310,28,69,00,False
scan,378000000,381.57,310,28,69,00,False
scan,378250000,381.82,310,28,69,00,False
scan,378500000,382.07,310,28,69,00,False
scan,378750000,382.32,310,28,69,00,False
scan,379000000,382.57,310,28,69,00,False
scan,379250000,382.82,310,28,69,00,False
scan,379500000,383.07,310,28,69,00,False
scan,379750000,383.32,310,28,69,00,False
scan,380000000,383.57,310,28,69,00,False
scan,380250000,383.82,310,28,69,00,False
scan,380500000,384.07,310,28,69,00,False
scan,380750000,384.32,310,28,69,00,False
scan,381000000,384.57,310,28,69,00,False
scan,381250000,384.82,310,28,69,00,False
scan,381500000,385.07,310,28,69,00,False
scan,381750000,385.32,310,28,69,00,False
scan,382000000,385.57,310,28,69,00,False
scan,382250000,385.82,310,28,69,00,False
scan,382500000,386.07,310,28,69,00,False
scan,382750000,386.32,310,28,69,00,False
scan,383000000,386.57,310,28,69,00,False
scan,383250000,386.82,310,28,69,00,False
scan,383500000,387.07,310,28,69,00,False
scan,383750000,387.32,310,28,69,00,False
scan,384000000,387.57,310,28,69,00,False
scan,384250000,387.82,310,28,69,00,False
scan,384500000,388.07,310,28,69,00,False
scan,384750000,388.32,310,28,69,00,False
scan,385000000,388.57,310,28,69,00,False
scan,385250000,388.82,310,28,69,00,False
scan,385500000,389.07,310,28,69,00,False
scan,385750000,389.32,310,28,69,00,False
scan,386000000,389.57,310,28,69,00,False
scan,386250000,389.82,310,28,69,00,False
scan,386500000,390.07,310,28,69,00,False
scan,386750000,390.32,310,28,69,00,False
scan,387000000,390.57,310,28,69,00,False
scan,387250000,390.82,310,28,69,00,False
scan,387500000,391.07,310,28,69,00,False
scan,387750000,391.32,310,28,69,00,False
scan,388000000,391.57,310,28,69,00,False
scan,388250000,391.82,310,28,69,00,False
scan,388500000,392.07,310,28,69,00,False
scan,388750000,392.32,310,28,69,00,False
scan,389000000,392.57,310,28,69,00,False
scan,389250000,392.82,310,28,69,00,False
scan,389500000,393.07,310,28,69,00,False
scan,389750000,393.32,310,28,69,00,False
scan,390000000,393.57,310,28,69,00,False
scan,390250000,393.82,310,28,69,00,False
scan,390500000,394.07,310,28,69,00,False
scan,390750000,394.32,310,28,69,00,False
scan,391000000,394.57,310,28,69,00,False
scan,391250000,394.82,310,28,69,00,False
scan,391500000,395.07,310,28,69,00,False
scan,391750000,395.32,310,28,69,00,False
scan,392000000,395.57,310,28,69,00,False
scan,392250000,395.82,310,28,69,00,False
scan,392500000,396.07,310,28,69,00,False
scan,392750000,396.32,310,28,69,00,False
scan,393000000,396.57,310,28,69,00,False
scan,393250000,396.82,310,28,69,00,False
scan,393500000,397.07,310,28,69,00,False
scan,393750000,397.32,310,28,69,00,False
scan,394000000,397.57,310,28,69,00,False
scan,394250000,397.82,310,28,69,00,False
scan,394500000,398.07,310,28,69,00,False
scan,394750000,398.32,310,28,69,00,False
scan,395000000,398.57,310,28,69,00,False
scan,395250000,398.82,310,28,69,00,False
scan,395500000,399.07,310,28,69,00,False
scan,395750000,399.32,310,28,69,00,False
scan,396000000,399.57,310,28,69,00,False
scan,396250000,399.82,310,28,69,00,False
scan,396500000,400.07,310,28,69,00,False
scan,396750000,400.32,310,28,69,00,False
scan,397000000,400.57,310,28,69,00,False
scan,397250000,400.82,310,28,69,00,False
scan,397500000,401.07,310,28,69,00,False
scan,397750000,401.32,310,28,69,00,False
scan,398000000,401.57,310,28,69,00,False
scan,398250000,401.82,310,28,69,00,False
scan,398500000,402.07,310,28,69,00,False
scan,398750000,402.32,310,28,69,00,False
scan,399000000,402.57,310,28,69,00,False
scan,399250000,402.82,310,28,69,00,False
scan,399500000,403.07,310,28,69,00,False
scan,399750000,403.32,310,28,69,00,False
scan,400000000,403.57,310,28,69,00,False
scan,400250000,403.82,310,28,69,00,False
scan,400500000,404.07,310,28,69,00,False
scan,400750000,404.32,310,28,69,00,False
scan,401000000,404.57,310,28,69,00,False
scan,401250000,404.82,310,28,69,00,False
scan,401500000,405.07,310,28,69,00,False
scan,401750000,405.32,310,28,69,00,False
scan,402000000,405.57,310,28,69,00,False
scan,402250000,405.82,310,28,69,00,False
scan,402500000,406.07,310,28,69,00,False
scan,402750000,406.32,310,28,69,00,False
scan,403000000,406.57,310,28,69,00,False
scan,403250000,406.82,310,28,69,00,False
scan,403500000,407.07,310,28,69,00,False
scan,403750000,407.32,310,28,69,00,False
scan,404000000,407.57,310,28,69,00,False
scan,404250000,407.82,310,28,69,00,False
scan,404500000,408.07,310,28,69,00,False
scan,404750000,408.32,310,28,69,00,False
scan,405000000,408.57,310,28,69,00,False
scan,405250000,408.82,310,28,69,00,False
scan,405500000,409.07,310,28,69,00,False
scan,405750000,409.32,310,28,69,00,False
scan,406000000,409.57,310,28,69,00,False
scan,406250000,409.82,310,28,69,00,False
scan,406500000,410.07,310,28,69,00,False
scan,406750000,410.32,310,28,69,00,False
scan,407000000,410.57,310,28,69,00,False
scan,407250000,410.82,310,28,69,00,False
scan,407500000,411.07,310,28,69,00,False
scan,407750000,411.32,310,28,69,00,False
scan,408000000,411.57,310,28,69,00,False
scan,408250000,411.82,310,28,69,00,False
scan,408500000,412.07,310,28,69,00,False
scan,408750000,412.32,310,28,69,00,False
scan,409000000,412.57,310,28,69,00,False
scan,409250000,412.82,310,28,69,00,False
scan,409500000,413.07,310,28,69,00,False
scan,409750000,413.32,310,28,69,00,False
scan,410000000,413.57,310,28,69,00,False
scan,410250000,413.82,310,28,69,00,False
scan,410500000,414.07,310,28,69,00,False
scan,410750000,414.32,310,28,69,00,False
scan,411000000,414.57,310,28,69,00,False
scan,411250000,414.82,310,28,69,00,False
scan,411500000,415.07,310,28,69,00,False
scan,411750000,415.32,310,28,69,00,False
scan,412000000,415.57,310,28,69,00,False
scan,412250000,415.82,310,28,69,00,False
scan,412500000,416.07,310,28,69,00,False
scan,412750000,416.32,310,28,69,00,False
scan,413000000,416.57,310,28,69,00,False
scan,413250000,416.82,310,28,69,00,False
scan,413500000,417.07,310,28,69,00,False
scan,413750000,417.32,310,28,69,00,False
scan,414000000,417.57,310,28,69,00,False
scan,414250000,417.82,310,28,69,00,False
scan,414500000,418.07,310,28,69,00,False
scan,414750000,418.32,310,28,69,00,False
scan,415000000,418.57,310,28,69,00,False
scan,415250000,418.82,310,28,69,00,False
scan,415500000,419.07,310,28,69,00,False
scan,415750000,419.32,310,28,69,00,False
scan,416000000,419.57,310,28,69,00,False
scan,416250000,419.82,310,28,69,00,False
scan,416500000,420.07,310,28,69,00,False
scan,416750000,420.32,310,28,69,00,False
scan,417000000,420.57,310,28,69,00,False
scan,417250000,420.82,310,28,69,00,False
scan,417500000,421.07,310,28,69,00,False
scan,417750000,421.32,310,28,69,00,False
scan,418000000,421.57,310,28,69,00,False
scan,418250000,421.82,310,28,69,00,False
scan,418500000,422.07,310,28,69,00,False
scan,418750000,422.32,310,28,69,00,False
scan,419000000,422.57,310,28,69,00,False
scan,419250000,422.82,310,28,69,00,False
scan,419500000,423.07,310,28,69,00,False
scan,419750000,423.32,310,28,69,00,False
scan,420000000,423.57,310,28,69,00,False
scan,420250000,423.82,310,28,69,00,False
scan,420500000,424.07,310,28,69,00,False
scan,420750000,424.32,310,28,69,00,False
scan,421000000,424.57,310,28,69,00,False
scan,421250000,424.82,310,28,69,00,False
scan,421500000,425.07,310,28,69,00,False
scan,421750000,425.32,310,28,69,00,False
scan,422000000,425.57,310,28,69,00,False
scan,422250000,425.82,310,28,69,00,False
scan,422500000,426.07,310,28,69,00,False
scan,422750000,426.32,310,28,69,00,False
scan,423000000,426.57,310,28,69,00,False
scan,423250000,426.82,310,28,69,00,False
scan,423500000,427.07,310,28,69,00,False
scan,423750000,427.32,310,28,69,00,False
scan,424000000,427.57,310,28,69,00,False
scan,424250000,427.82,310,28,69,00,False
scan,424500000,428.07,310,28,69,00,False
scan,424750000,428.32,310,28,69,00,False
scan,425000000,428.57,310,28,69,00,False
scan,425250000,428.82,310,28,69,00,False
scan,425500000,429.07,310,28,69,00,False
scan,425750000,429.32,310,28,69,00,False
scan,426000000,429.57,310,28,69,00,False
scan,426250000,429.82,310,28,69,00,False
scan,426500000,430.07,310,28,69,00,False
scan,426750000,430.32,310,28,69,00,False
scan,427000000,430.57,310,28,69,00,False
scan,427250000,430.82,310,28,69,00,False
scan,427500000,431.07,310,28,69,00,False
scan,427750000,431.32,310,28,69,00,False
scan,428000000,431.57,310,28,69,00,False
scan,428250000,431.82,310,28,69,00,False
scan,428500000,432.07,310,28,69,00,False
scan,428750000,432.32,310,28,69,00,False
scan,429000000,432.57,310,28,69,00,False
scan,429250000,432.82,310,28,69,00,False
scan,429500000,433.07,310,28,69,00,False
scan,429750000,433.32,310,28,69,00,False
scan,430000000,433.57,310,28,69,00,False
scan,430250000,433.82,310,28,69,00,False
scan,430500000,434.07,310,28,69,00,False
scan,430750000,434.32,310,28,69,00,False
scan,431000000,434.57,310,28,69,00,False
scan,431250000,434.82,310,28,69,00,False
scan,431500000,435.07,310,28,69,00,False
scan,431750000,435.32,310,28,69,00,False
scan,432000000,435.57,310,28,69,00,False
scan,432250000,435.82,310,28,69,00,False
scan,432500000,436.07,310,28,69,00,False
scan,432750000,436.32,310,28,69,00,False
scan,433000000,436.57,310,28,69,00,False
scan,433250000,436.82,310,28,69,00,False
scan,433500000,437.07,310,28,69,00,False
scan,433750000,437.32,310,28,69,00,False
scan,434000000,437.57,310,28,69,00,False
scan,434250000,437.82,310,28,69,00,False
scan,434500000,438.07,310,28,69,00,False
scan,434750000,438.32,310,28,69,00,False
scan,435000000,438.57,310,28,69,00,False
scan,435250000,438.82,310,28,69,00,False
scan,435500000,439.07,310,28,69,00,False
scan,435750000,439.32,310,28,69,00,False
scan,436000000,439.57,310,28,69,00,False
scan,436250000,439.82,310,28,69,00,False
scan,436500000,440.07,310,28,69,00,False
scan,436750000,440.32,310,28,69,00,False
scan,437000000,440.57,310,28,69,00,False
scan,437250000,440.82,310,28,69,00,False
scan,437500000,441.07,310,28,69,00,False
scan,437750000,441.32,310,28,69,00,False
scan,438000000,441.57,310,28,69,00,False
scan,438250000,441.82,310,28,69,00,False
scan,438500000,442.07,310,28,69,00,False
scan,438750000,442.32,310,28,69,00,False
scan,439000000,442.57,310,28,69,00,False
scan,439250000,442.82,310,28,69,00,False
scan,439500000,443.07,310,28,69,00,False
scan,439750000,443.32,310,28,69,00,False
scan,440000000,443.57,310,28,69,00,False
scan,440250000,443.82,310,28,69,00,False
scan,440500000,444.07,310,28,69,00,False
scan,440750000,444.32,310,28,69,00,False
scan,441000000,444.57,310,28,69,00,False
scan,441250000,444.82,310,28,69,00,False
scan,441500000,445.07,310,28,69,00,False
scan,441750000,445.32,310,28,69,00,False
scan,442000000,445.57,310,28,69,00,False
scan,442250000,445.82,310,28,69,00,False
scan,442500000,446.07,310,28,69,00,False
scan,442750000,446.32,310,28,69,00,False
scan,443000000,446.57,310,28,69,00,False
scan,443250000,446.82,310,28,69,00,False
scan,443500000,447.07,310,28,69,00,False
scan,443750000,447.32,310,28,69,00,False
scan,444000000,447.57,310,28,69,00,False
scan,444250000,447.82,310,28,69,00,False
scan,444500000,448.07,310,28,69,00,False
scan,444750000,448.32,310,28,69,00,False
scan,445000000,448.57,310,28,69,00,False
scan,445250000,448.82,310,28,69,00,False
scan,445500000,449.07,310,28,69,00,False
scan,445750000,449.32,310,28,69,00,False
scan,446000000,449.57,310,28,69,00,False
scan,446250000,449.82,310,28,69,00,False
scan,446500000,450.07,450,28,69,00,False
scan,446750000,450.32,450,28,69,00,False
scan,447000000,450.57,450,28,69,00,False
scan,447250000,450.82,450,28,69,00,False
scan,447500000,451.07,450,28,69,00,False
scan,447750000,451.32,450,28,69,00,False
scan,448000000,451.57,450,28,69,00,False
scan,448250000,451.82,450,28,69,00,False
scan,448500000,452.07,450,28,69,00,False
scan,448750000,452.32,450,28,69,00,False
scan,449000000,452.57,450,28,69,00,False
scan,449250000,452.82,450,28,69,00,False
scan,449500000,453.07,450,28,69,00,False
scan,449750000,453.32,450,28,69,00,False
scan,450000000,453.57,450,28,69,00,False
scan,450250000,453.82,450,28,69,00,False
scan,450500000,454.07,450,28,69,00,False
scan,450750000,454.32,450,28,69,00,False
scan,451000000,454.57,450,28,69,00,False
scan,451250000,454.82,450,28,69,00,False
scan,451500000,455.07,450,28,69,00,False
scan,451750000,455.32,450,28,69,00,False
scan,452000000,455.57,450,28,69,00,False
scan,452250000,455.82,450,28,69,00,False
scan,452500000,456.07,450,28,69,00,False
scan,452750000,456.32,450,28,69,00,False
scan,453000000,456.57,450,28,69,00,False
scan,453250000,456.82,450,28,69,00,False
scan,453500000,457.07,450,28,69,00,False
scan,453750000,457.32,450,28,69,00,False
scan,454000000,457.57,450,28,69,00,False
scan,454250000,457.82,450,28,69,00,False
scan,454500000,458.07,450,28,69,00,False
scan,454750000,458.32,450,28,69,00,False
scan,455000000,458.57,450,28,69,00,False
scan,455250000,458.82,450,28,69,00,False
scan,455500000,459.07,450,28,69,00,False
scan,455750000,459.32,450,28,69,00,False
scan,456000000,459.57,450,28,69,00,False
scan,456250000,459.82,450,28,69,00,False
scan,456500000,460.07,450,28,69,00,False
scan,456750000,460.32,450,28,69,00,False
scan,457000000,460.57,450,28,69,00,False
scan,457250000,460.82,450,28,69,00,False
scan,457500000,461.07,450,28,69,00,False
scan,457750000,461.32,450,28,69,00,False
scan,458000000,461.57,450,28,69,00,False
scan,458250000,461.82,450,28,69,00,False
scan,458500000,462.07,450,28,69,00,False
scan,458750000,462.32,450,28,69,00,False
scan,459000000,462.57,450,28,69,00,False
scan,459250000,462.82,450,28,69,00,False
scan,459500000,463.07,450,28,69,00,False
scan,459750000,463.32,450,28,69,00,False
scan,460000000,463.57,450,28,69,00,False
scan,460250000,463.82,450,28,69,00,False
scan,460500000,464.07,450,28,69,00,False
scan,460750000,464.32,450,28,69,00,False
scan,461000000,464.57,450,28,69,00,False
scan,461250000,464.82,450,28,69,00,False
scan,461500000,465.07,450,28,69,00,False
scan,461750000,465.32,450,28,69,00,False
scan,462000000,465.57,450,28,69,00,False
scan,462250000,465.82,450,28,69,00,False
scan,462500000,466.07,450,28,69,00,False
scan,462750000,466.32,450,28,69,00,False
scan,463000000,466.57,450,28,69,00,False
scan,463250000,466.82,450,28,69,00,False
scan,463500000,467.07,450,28,69,00,False
scan,463750000,467.32,450,28,69,00,False
scan,464000000,467.57,450,28,69,00,False
scan,464250000,467.82,450,28,69,00,False
scan,464500000,468.07,450,28,69,00,False
scan,464750000,468.32,450,28,69,00,False
scan,465000000,468.57,450,28,69,00,False
scan,465250000,468.82,450,28,69,00,False
scan,465500000,469.07,450,28,69,00,False
scan,465750000,469.32,450,28,69,00,False
scan,466000000,469.57,450,28,69,00,False
scan,466250000,469.82,450,28,69,00,False
scan,466500000,470.07,450,28,69,00,False
scan,466750000,470.32,450,28,69,00,False
scan,467000000,470.57,450,28,69,00,False
scan,467250000,470.82,450,28,69,00,False
scan,467500000,471.07,450,28,69,00,False
scan,467750000,471.32,450,28,69,00,False
scan,468000000,471.57,450,28,69,00,False
scan,468250000,471.82,450,28,69,00,False
scan,468500000,472.07,450,28,69,00,False
scan,468750000,472.32,450,28,69,00,False
scan,469000000,472.57,450,28,69,00,False
scan,469250000,472.82,450,28,69,00,False
scan,469500000,473.07,450,28,69,00,False
scan,469750000,473.32,450,28,69,00,False
scan,470000000,473.57,450,28,69,00,False
scan,470250000,473.82,450,28,69,00,False
scan,470500000,474.07,450,28,69,00,False
scan,470750000,474.32,450,28,69,00,False
scan,471000000,474.57,450,28,69,00,False
scan,471250000,474.82,450,28,69,00,False
scan,471500000,475.07,450,28,69,00,False
scan,471750000,475.32,450,28,69,00,False
scan,472000000,475.57,450,28,69,00,False
scan,472250000,475.82,450,28,69,00,False
scan,472500000,476.07,450,28,69,00,False
scan,472750000,476.32,450,28,69,00,False
scan,473000000,476.57,450,28,69,00,False
scan,473250000,476.82,450,28,69,00,False
scan,473500000,477.07,450,28,69,00,False
scan,473750000,477.32,450,28,69,00,False
scan,474000000,477.57,450,28,69,00,False
scan,474250000,477.82,450,28,69,00,False
scan,474500000,478.07,450,28,69,00,False
scan,474750000,478.32,450,28,69,00,False
scan,475000000,478.57,450,28,69,00,False
scan,475250000,478.82,450,28,69,00,False
scan,475500000,479.07,450,28,69,00,False
scan,475750000,479.32,450,28,69,00,False
scan,476000000,479.57,450,28,69,00,False
scan,476250000,479.82,450,28,69,00,False
scan,476500000,480.07,450,28,69,00,False
scan,476750000,480.32,450,28,69,00,False
scan,477000000,480.57,450,28,69,00,False
scan,477250000,480.82,450,28,69,00,False
scan,477500000,481.07,450,28,69,00,False
scan,477750000,481.32,450,28,69,00,False
scan,478000000,481.57,450,28,69,00,False
scan,478250000,481.82,450,28,69,00,False
scan,478500000,482.07,450,28,69,00,False
scan,478750000,482.32,450,28,69,00,False
scan,479000000,482.57,450,28,69,00,False
scan,479250000,482.82,450,28,69,00,False
scan,479500000,483.07,450,28,69,00,False
scan,479750000,483.32,450,28,69,00,False
scan,480000000,483.57,450,28,69,00,False
scan,480250000,483.82,450,28,69,00,False
scan,480500000,484.07,450,28,69,00,False
scan,480750000,484.32,450,28,69,00,False
scan,481000000,484.57,450,28,69,00,False
scan,481250000,484.82,450,28,69,00,False
scan,481500000,485.07,450,28,69,00,False
scan,481750000,485.32,450,28,69,00,False
scan,482000000,485.57,450,28,69,00,False
scan,482250000,485.82,450,28,69,00,False
scan,482500000,486.07,450,28,69,00,False
scan,482750000,486.32,450,28,69,00,False
scan,483000000,486.57,450,28,69,00,False
scan,483250000,486.82,450,28,69,00,False
scan,483500000,487.07,450,28,69,00,False
scan,483750000,487.32,450,28,69,00,False
scan,484000000,487.57,450,28,69,00,False
scan,484250000,487.82,450,28,69,00,False
scan,484500000,488.07,450,28,69,00,False
scan,484750000,488.32,450,28,69,00,False
scan,485000000,488.57,450,28,69,00,False
scan,485250000,488.82,450,28,69,00,False
scan,485500000,489.07,450,28,69,00,False
scan,485750000,489.32,450,28,69,00,False
scan,486000000,489.57,450,28,69,00,False
scan,486250000,489.82,450,28,69,00,False
scan,486500000,490.07,450,28,69,00,False
scan,486750000,490.32,450,28,69,00,False
scan,487000000,490.57,450,28,69,00,False
scan,487250000,490.82,450,28,69,00,False
scan,487500000,491.07,450,28,69,00,False
scan,487750000,491.32,450,28,69,00,False
scan,488000000,491.57,450,28,69,00,False
scan,488250000,491.82,450,28,69,00,False
scan,488500000,492.07,450,28,69,00,False
scan,488750000,492.32,450,28,69,00,False
scan,489000000,492.57,450,28,69,00,False
scan,489250000,492.82,450,28,69,00,False
scan,489500000,493.07,450,28,69,00,False
scan,489750000,493.32,450,28,69,00,False
scan,490000000,493.57,450,28,69,00,False
scan,490250000,493.82,450,28,69,00,False
scan,490500000,494.07,450,28,69,00,False
scan,490750000,494.32,450,28,69,00,False
scan,491000000,494.57,450,28,69,00,False
scan,491250000,494.82,450,28,69,00,False
scan,491500000,495.07,450,28,69,00,False
scan,491750000,495.32,450,28,69,00,False
scan,492000000,495.57,450,28,69,00,False
scan,492250000,495.82,450,28,69,00,False
scan,492500000,496.07,450,28,69,00,False
scan,492750000,496.32,450,28,69,00,False
scan,493000000,496.57,450,28,69,00,False
scan,493250000,496.82,450,28,69,00,False
scan,493500000,497.07,450,28,69,00,False
scan,493750000,497.32,450,28,69,00,False
scan,494000000,497.57,450,28,69,00,False
scan,494250000,497.82,450,28,69,00,False
scan,494500000,498.07,450,28,69,00,False
scan,494750000,498.32,450,28,69,00,False
scan,495000000,498.57,450,28,69,00,False
scan,495250000,498.82,450,28,69,00,False
scan,495500000,499.07,450,28,69,00,False
scan,495750000,499.32,450,28,69,00,False
scan,496000000,499.57,450,28,69,00,False
scan,496250000,499.82,450,28,69,00,False
scan,496500000,500.07,450,28,69,00,False
scan,496750000,500.32,450,28,69,00,False
scan,497000000,500.57,450,28,69,00,False
scan,497250000,500.82,450,28,69,00,False
scan,497500000,501.07,450,28,69,00,False
scan,497750000,501.32,450,28,69,00,False
scan,498000000,501.57,450,28,69,00,False
scan,498250000,501.82,450,28,69,00,False
scan,498500000,502.07,450,28,69,00,False
scan,498750000,502.32,450,28,69,00,False
scan,499000000,502.57,450,28,69,00,False
scan,499250000,502.82,450,28,69,00,False
scan,499500000,503.07,450,28,69,00,False
scan,499750000,503.32,450,28,69,00,False
scan,500000000,503.57,450,28,69,00,False
scan,500250000,503.82,450,28,69,00,False
scan,500500000,504.07,450,28,69,00,False
scan,500750000,504.32,450,28,69,00,False
scan,501000000,504.57,450,28,69,00,False
scan,501250000,504.82,450,28,69,00,False
scan,501500000,505.07,450,28,69,00,False
scan,501750000,505.32,450,28,69,00,False
scan,502000000,505.57,450,28,69,00,False
scan,502250000,505.82,450,28,69,00,False
scan,502500000,506.07,450,28,69,00,False
scan,502750000,506.32,450,28,69,00,False
scan,503000000,506.57,450,28,69,00,False
scan,503250000,506.82,450,28,69,00,False
scan,503500000,507.07,450,28,69,00,False
scan,503750000,507.32,450,28,69,00,False
scan,504000000,507.57,450,28,69,00,False
scan,504250000,507.82,450,28,69,00,False
scan,504500000,508.07,450,28,69,00,False
scan,504750000,508.32,450,28,69,00,False
scan,505000000,508.57,450,28,69,00,False
scan,505250000,508.82,450,28,69,00,False
scan,505500000,509.07,450,28,69,00,False
scan,505750000,509.32,450,28,69,00,False
scan,506000000,509.57,450,28,69,00,False
scan,506250000,509.82,450,28,69,00,False
scan,506500000,510.07,450,28,69,00,False
scan,506750000,510.32,450,28,69,00,False
scan,507000000,510.57,450,28,69,00,False
scan,507250000,510.82,450,28,69,00,False
scan,507500000,511.07,450,28,69,00,False
scan,507750000,511.32,450,28,69,00,False
scan,508000000,511.57,450,28,69,00,False
scan,508250000,511.82,450,28,69,00,False
scan,508500000,512.07,450,28,69,00,False
scan,508750000,512.32,450,28,69,00,False
scan,509000000,512.57,450,28,69,00,False
scan,509250000,512.82,450,28,69,00,False
scan,509500000,513.07,450,28,69,00,False
scan,509750000,513.32,450,28,69,00,False
scan,510000000,513.57,450,28,69,00,False
scan,510250000,513.82,450,28,69,00,False
scan,510500000,514.07,450,28,69,00,False
scan,510750000,514.32,450,28,69,00,False
scan,511000000,514.57,450,28,69,00,False
scan,511250000,514.82,450,28,69,00,False
scan,511500000,515.07,450,28,69,00,False
scan,511750000,515.32,450,28,69,00,False
scan,512000000,515.57,450,28,69,00,False
scan,512250000,515.82,450,28,69,00,False
scan,512500000,516.07,450,28,69,00,False
scan,512750000,516.32,450,28,69,00,False
scan,513000000,516.57,450,28,69,00,False
scan,513250000,516.82,450,28,69,00,False
scan,513500000,517.07,450,28,69,00,False
scan,513750000,517.32,450,28,69,00,False
scan,514000000,517.57,450,28,69,00,False
scan,514250000,517.82,450,28,69,00,False
scan,514500000,518.07,450,28,69,00,False
scan,514750000,518.32,450,28,69,00,False
scan,515000000,518.57,450,28,69,00,False
scan,515250000,518.82,450,28,69,00,False
scan,515500000,519.07,450,28,69,00,False
scan,515750000,519.32,450,28,69,00,False
scan,516000000,519.57,450,28,69,00,False
scan,516250000,519.82,450,28,69,00,False
scan,516500000,520.07,450,28,69,00,False
scan,516750000,520.32,450,28,69,00,False
scan,517000000,520.57,450,28,69,00,False
scan,517250000,520.82,450,28,69,00,False
scan,517500000,521.07,450,28,69,00,False
scan,517750000,521.32,450,28,69,00,False
scan,518000000,521.57,450,28,69,00,False
scan,518250000,521.82,450,28,69,00,False
scan,518500000,522.07,450,28,69,00,False
scan,518750000,522.32,450,28,69,00,False
scan,519000000,522.57,450,28,69,00,False
scan,519250000,522.82,450,28,69,00,False
scan,519500000,523.07,450,28,69,00,False
scan,519750000,523.32,450,28,69,00,False
scan,520000000,523.57,450,28,69,00,False
scan,520250000,523.82,450,28,69,00,False
scan,520500000,524.07,450,28,69,00,False
scan,520750000,524.32,450,28,69,00,False
scan,521000000,524.57,450,28,69,00,False
scan,521250000,524.82,450,28,69,00,False
scan,521500000,525.07,450,28,69,00,False
scan,521750000,525.32,450,28,69,00,False
scan,522000000,525.57,450,28,69,00,False
scan,522250000,525.82,450,28,69,00,False
scan,522500000,526.07,450,28,69,00,False
scan,522750000,526.32,450,28,69,00,False
scan,523000000,526.57,450,28,69,00,False
scan,523250000,526.82,450,28,69,00,False
scan,523500000,527.07,450,28,69,00,False
scan,523750000,527.32,450,28,69,00,False
scan,524000000,527.57,450,28,69,00,False
scan,524250000,527.82,450,28,69,00,False
scan,524500000,528.07,450,28,69,00,False
scan,524750000,528.32,450,28,69,00,False
scan,525000000,528.57,450,28,69,00,False
scan,525250000,528.82,450,28,69,00,False
scan,525500000,529.07,450,28,69,00,False
scan,525750000,529.32,450,28,69,00,False
scan,526000000,529.57,450,28,69,00,False
scan,526250000,529.82,450,28,69,00,False
scan,526500000,530.07,450,28,69,00,False
scan,526750000,530.32,450,28,69,00,False
scan,527000000,530.57,450,28,69,00,False
scan,527250000,530.82,450,28,69,00,False
scan,527500000,531.07,450,28,69,00,False
scan,527750000,531.32,450,28,69,00,False
scan,528000000,531.57,450,28,69,00,False
scan,528250000,531.82,450,28,69,00,False
scan,528500000,532.07,450,28,69,00,False
scan,528750000,532.32,450,28,69,00,False
scan,529000000,532.57,450,28,69,00,False
scan,529250000,532.82,450,28,69,00,False
scan,529500000,533.07,450,28,69,00,False
scan,529750000,533.32,450,28,69,00,False
scan,530000000,533.57,450,28,69,00,False
scan,530250000,533.82,450,28,69,00,False
scan,530500000,534.07,450,28,69,00,False
scan,530750000,534.32,450,28,69,00,False
scan,531000000,534.57,450,28,69,00,False
scan,531250000,534.82,450,28,69,00,False
scan,531500000,535.07,450,28,69,00,False
scan,531750000,535.32,450,28,69,00,False
scan,532000000,535.57,450,28,69,00,False
scan,532250000,535.82,450,28,69,00,False
scan,532500000,536.07,450,28,69,00,False
scan,532750000,536.32,450,28,69,00,False
scan,533000000,536.57,450,28,69,00,False
scan,533250000,536.82,450,28,69,00,False
scan,533500000,537.07,450,28,69,00,False
scan,533750000,537.32,450,28,69,00,False
scan,534000000,537.57,450,28,69,00,False
scan,534250000,537.82,450,28,69,00,False
scan,534500000,538.07,450,28,69,00,False
scan,534750000,538.32,450,28,69,00,False
scan,535000000,538.57,450,28,69,00,False
scan,535250000,538.82,450,28,69,00,False
scan,535500000,539.07,450,28,69,00,False
scan,535750000,539.32,450,28,69,00,False
scan,536000000,539.57,450,28,69,00,False
scan,536250000,539.82,450,28,69,00,False
scan,536500000,540.07,450,28,69,00,False
scan,536750000,540.32,450,28,69,00,False
scan,537000000,540.57,450,28,69,00,False
scan,537250000,540.82,450,28,69,00,False
scan,537500000,541.07,450,28,69,00,False
scan,537750000,541.32,450,28,69,00,False
scan,538000000,541.57,450,28,69,00,False
scan,538250000,541.82,450,28,69,00,False
scan,538500000,542.07,450,28,69,00,False
scan,538750000,542.32,450,28,69,00,False
scan,539000000,542.57,450,28,69,00,False
scan,539250000,542.82,450,28,69,00,False
scan,539500000,543.07,450,28,69,00,False
scan,539750000,543.32,450,28,69,00,False
scan,540000000,543.57,450,28,69,00,False
scan,540250000,543.82,450,28,69,00,False
scan,540500000,544.07,450,28,69,00,False
scan,540750000,544.32,450,28,69,00,False
scan,541000000,544.57,450,28,69,00,False
scan,541250000,544.82,450,28,69,00,False
scan,541500000,545.07,450,28,69,00,False
scan,541750000,545.32,450,28,69,00,False
scan,542000000,545.57,450,28,69,00,False
scan,542250000,545.82,450,28,69,00,False
scan,542500000,546.07,450,28,69,00,False
scan,542750000,546.32,450,28,69,00,False
scan,543000000,546.57,450,28,69,00,False
scan,543250000,546.82,450,28,69,00,False
scan,543500000,547.07,450,28,69,00,False
scan,543750000,547.32,450,28,69,00,False
scan,544000000,547.57,450,28,69,00,False
scan,544250000,547.82,450,28,69,00,False
scan,544500000,548.07,450,28,69,00,False
scan,544750000,548.32,450,28,69,00,False
scan,545000000,548.57,450,28,69,00,False
scan,545250000,548.82,450,28,69,00,False
scan,545500000,549.07,450,28,69,00,False
scan,545750000,549.32,450,28,69,00,False
scan,546000000,549.57,450,28,69,00,False
scan,546250000,549.82,450,28,69,00,False
scan,546500000,550.07,450,28,69,00,False
scan,546750000,550.32,450,28,69,00,False
scan,547000000,550.57,450,28,69,00,False
scan,547250000,550.82,450,28,69,00,False
scan,547500000,551.07,450,28,69,00,False
scan,547750000,551.32,450,28,69,00,False
scan,548000000,551.57,450,28,69,00,False
scan,548250000,551.82,450,28,69,00,False
scan,548500000,552.07,450,28,69,00,False
scan,548750000,552.32,450,28,69,00,False
scan,549000000,552.57,450,28,69,00,False
scan,549250000,552.82,450,28,69,00,False
scan,549500000,553.07,450,28,69,00,False
scan,549750000,553.32,450,28,69,00,False
scan,550000000,553.57,450,28,69,00,False
scan,550250000,553.82,450,28,69,00,False
scan,550500000,554.07,450,28,69,00,False
scan,550750000,554.32,450,28,69,00,False
scan,551000000,554.57,450,28,69,00,False
scan,551250000,554.82,450,28,69,00,False
scan,551500000,555.07,450,28,69,00,False
scan,551750000,555.32,450,28,69,00,False
scan,552000000,555.57,450,28,69,00,False
scan,552250000,555.82,450,28,69,00,False
scan,552500000,556.07,450,28,69,00,False
scan,552750000,556.32,450,28,69,00,False
scan,553000000,556.57,450,28,69,00,False
scan,553250000,556.82,450,28,69,00,False
scan,553500000,557.07,450,28,69,00,False
scan,553750000,557.32,450,28,69,00,False
scan,554000000,557.57,450,28,69,00,False
scan,554250000,557.82,450,28,69,00,False
scan,554500000,558.07,450,28,69,00,False
scan,554750000,558.32,450,28,69,00,False
scan,555000000,558.57,450,28,69,00,False
scan,555250000,558.82,450,28,69,00,False
scan,555500000,559.07,450,28,69,00,False
scan,555750000,559.32,450,28,69,00,False
scan,556000000,559.57,450,28,69,00,False
scan,556250000,559.82,450,28,69,00,False
scan,556500000,560.07,450,28,69,00,False
scan,556750000,560.32,450,28,69,00,False
scan,557000000,560.57,450,28,69,00,False
scan,557250000,560.82,450,28,69,00,False
scan,557500000,561.07,450,28,69,00,False
scan,557750000,561.32,450,28,69,00,False
scan,558000000,561.57,450,28,69,00,False
scan,558250000,561.82,450,28,69,00,False
scan,558500000,562.07,450,28,69,00,False
scan,558750000,562.32,450,28,69,00,False
scan,559000000,562.57,450,28,69,00,False
scan,559250000,562.82,450,28,69,00,False
scan,559500000,563.07,450,28,69,00,False
scan,559750000,563.32,450,28,69,00,False
scan,560000000,563.57,450,28,69,00,False
scan,560250000,563.82,450,28,69,00,False
scan,560500000,564.07,450,28,69,00,False
scan,560750000,564.32,450,28,69,00,False
scan,561000000,564.57,450,28,69,00,False
scan,561250000,564.82,450,28,69,00,False
scan,561500000,565.07,450,28,69,00,False
scan,561750000,565.32,450,28,69,00,False
scan,562000000,565.57,450,28,69,00,False
scan,562250000,565.82,450,28,69,00,False
scan,562500000,566.07,450,28,69,00,False
scan,562750000,566.32,450,28,69,00,False
scan,563000000,566.57,450,28,69,00,False
scan,563250000,566.82,450,28,69,00,False
scan,563500000,567.07,450,28,69,00,False
scan,563750000,567.32,450,28,69,00,False
scan,564000000,567.57,450,28,69,00,False
scan,564250000,567.82,450,28,69,00,False
scan,564500000,568.07,450,28,69,00,False
scan,564750000,568.32,450,28,69,00,False
scan,565000000,568.57,450,28,69,00,False
scan,565250000,568.82,450,28,69,00,False
scan,565500000,569.07,450,28,69,00,False
scan,565750000,569.32,450,28,69,00,False
scan,566000000,569.57,450,28,69,00,False
scan,566250000,569.82,450,28,69,00,False
scan,566500000,570.07,450,28,69,00,False
scan,566750000,570.32,450,28,69,00,False
scan,567000000,570.57,450,28,69,00,False
scan,567250000,570.82,450,28,69,00,False
scan,567500000,571.07,450,28,69,00,False
scan,567750000,571.32,450,28,69,00,False
scan,568000000,571.57,450,28,69,00,False
scan,568250000,571.82,450,28,69,00,False
scan,568500000,572.07,450,28,69,00,False
scan,568750000,572.32,450,28,69,00,False
scan,569000000,572.57,450,28,69,00,False
scan,569250000,572.82,450,28,69,00,False
scan,569500000,573.07,450,28,69,00,False
scan,569750000,573.32,450,28,69,00,False
scan,570000000,573.57,450,28,69,00,False
scan,570250000,573.82,450,28,69,00,False
scan,570500000,574.07,450,28,69,00,False
scan,570750000,574.32,450,28,69,00,False
scan,571000000,574.57,450,28,69,00,False
scan,571250000,574.82,450,28,69,00,False
scan,571500000,575.07,450,28,69,00,False
scan,571750000,575.32,450,28,69,00,False
scan,572000000,575.57,450,28,69,00,False
scan,572250000,575.82,450,28,69,00,False
scan,572500000,576.07,450,28,69,00,False
scan,572750000,576.32,450,28,69,00,False
scan,573000000,576.57,450,28,69,00,False
scan,573250000,576.82,450,28,69,00,False
scan,573500000,577.07,450,28,69,00,False
scan,573750000,577.32,450,28,69,00,False
scan,574000000,577.57,450,28,69,00,False
scan,574250000,577.82,450,28,69,00,False
scan,574500000,578.07,450,28,69,00,False
scan,574750000,578.32,450,28,69,00,False
scan,575000000,578.57,450,28,69,00,False
scan,575250000,578.82,450,28,69,00,False
scan,575500000,579.07,450,28,69,00,False
scan,575750000,579.32,450,28,69,00,False
scan,576000000,579.57,450,28,69,00,False
scan,576250000,579.82,450,28,69,00,False
scan,576500000,580.07,450,28,69,00,False
scan,576750000,580.32,450,28,69,00,False
scan,577000000,580.57,450,28,69,00,False
scan,577250000,580.82,450,28,69,00,False
scan,577500000,581.07,450,28,69,00,False
scan,577750000,581.32,450,28,69,00,False
scan,578000000,581.57,450,28,69,00,False
scan,578250000,581.82,450,28,69,00,False
scan,578500000,582.07,450,28,69,00,False
scan,578750000,582.32,450,28,69,00,False
scan,579000000,582.57,450,28,69,00,False
scan,579250000,582.82,450,28,69,00,False
scan,579500000,583.07,450,28,69,00,False
scan,579750000,583.32,450,28,69,00,False
scan,580000000,583.57,450,28,69,00,False
scan,580250000,583.82,450,28,69,00,False
scan,580500000,584.07,450,28,69,00,False
scan,580750000,584.32,450,28,69,00,False
scan,581000000,584.57,450,28,69,00,False
scan,581250000,584.82,450,28,69,00,False
scan,581500000,585.07,450,28,69,00,False
scan,581750000,585.32,450,28,69,00,False
scan,582000000,585.57,450,28,69,00,False
scan,582250000,585.82,450,28,69,00,False
scan,582500000,586.07,450,28,69,00,False
scan,582750000,586.32,450,28,69,00,False
scan,583000000,586.57,450,28,69,00,False
scan,583250000,586.82,450,28,69,00,False
scan,583500000,587.07,450,28,69,00,False
scan,583750000,587.32,450,28,69,00,False
scan,584000000,587.57,450,28,69,00,False
scan,584250000,587.82,450,28,69,00,False
scan,584500000,588.07,588,28,69,00,False
scan,584750000,588.32,588,28,69,00,False
scan,585000000,588.57,588,28,69,00,False
scan,585250000,588.82,588,28,69,00,False
scan,585500000,589.07,588,28,69,00,False
scan,585750000,589.32,588,28,69,00,False
scan,586000000,589.57,588,28,69,00,False
scan,586250000,589.82,588,28,69,00,False
scan,586500000,590.07,588,28,68,00,False
scan,586750000,590.32,588,28,68,00,False
scan,587000000,590.57,588,28,68,00,False
scan,587250000,590.82,588,28,68,00,False
scan,587500000,591.07,588,28,68,00,False
scan,587750000,591.32,588,28,68,00,False
scan,588000000,591.57,588,28,68,00,False
scan,588250000,591.82,588,28,68,00,False
scan,588500000,592.07,588,28,68,00,False
scan,588750000,592.32,588,28,68,00,False
scan,589000000,592.57,588,28,68,00,False
scan,589250000,592.82,588,28,68,00,False
scan,589500000,593.07,588,28,68,00,False
scan,589750000,593.32,588,28,68,00,False
scan,590000000,593.57,588,28,68,00,False
scan,590250000,593.82,588,28,68,00,False
scan,590500000,594.07,588,28,68,00,False
scan,590750000,594.32,588,28,68,00,False
scan,591000000,594.57,588,28,68,00,False
scan,591250000,594.82,588,28,68,00,False
scan,591500000,595.07,588,28,68,00,False
scan,591750000,595.32,588,28,68,00,False
scan,592000000,595.57,588,28,68,00,False
scan,592250000,595.82,588,28,68,00,False
scan,592500000,596.07,588,28,68,00,False
scan,592750000,596.32,588,28,68,00,False
scan,593000000,596.57,588,28,68,00,False
scan,593250000,596.82,588,28,68,00,False
scan,593500000,597.07,588,28,68,00,False
scan,593750000,597.32,588,28,68,00,False
scan,594000000,597.57,588,28,68,00,False
scan,594250000,597.82,588,28,68,00,False
scan,594500000,598.07,588,28,68,00,False
scan,594750000,598.32,588,28,68,00,False
scan,595000000,598.57,588,28,68,00,False
scan,595250000,598.82,588,28,68,00,False
scan,595500000,599.07,588,28,68,00,False
scan,595750000,599.32,588,28,68,00,False
scan,596000000,599.57,588,28,68,00,False
scan,596250000,599.82,588,28,68,00,False
scan,596500000,600.07,588,28,68,00,False
scan,596750000,600.32,588,28,68,00,False
scan,597000000,600.57,588,28,68,00,False
scan,597250000,600.82,588,28,68,00,False
scan,597500000,601.07,588,28,68,00,False
scan,597750000,601.32,588,28,68,00,False
scan,598000000,601.57,588,28,68,00,False
scan,598250000,601.82,588,28,68,00,False
scan,598500000,602.07,588,28,68,00,False
scan,598750000,602.32,588,28,68,00,False
scan,599000000,602.57,588,28,68,00,False
scan,599250000,602.82,588,28,68,00,False
scan,599500000,603.07,588,28,68,00,False
scan,599750000,603.32,588,28,68,00,False
scan,600000000,603.57,588,28,68,00,False
scan,600250000,603.82,588,28,68,00,False
scan,600500000,604.07,588,28,68,00,False
scan,600750000,604.32,588,28,68,00,False
scan,601000000,604.57,588,28,68,00,False
scan,601250000,604.82,588,28,68,00,False
scan,601500000,605.07,588,28,68,00,False
scan,601750000,605.32,588,28,68,00,False
scan,602000000,605.57,588,28,68,00,False
scan,602250000,605.82,588,28,68,00,False
scan,602500000,606.07,588,28,68,00,False
scan,602750000,606.32,588,28,68,00,False
scan,603000000,606.57,588,28,68,00,False
scan,603250000,606.82,588,28,68,00,False
scan,603500000,607.07,588,28,68,00,False
scan,603750000,607.32,588,28,68,00,False
scan,604000000,607.57,588,28,68,00,False
scan,604250000,607.82,588,28,68,00,False
scan,604500000,608.07,588,28,68,00,False
scan,604750000,608.32,588,28,68,00,False
scan,605000000,608.57,588,28,68,00,False
scan,605250000,608.82,588,28,68,00,False
scan,605500000,609.07,588,28,68,00,False
scan,605750000,609.32,588,28,68,00,False
scan,606000000,609.57,588,28,68,00,False
scan,606250000,609.82,588,28,68,00,False
scan,606500000,610.07,588,28,68,00,False
scan,606750000,610.32,588,28,68,00,False
scan,607000000,610.57,588,28,68,00,False
scan,607250000,610.82,588,28,68,00,False
scan,607500000,611.07,588,28,68,00,False
scan,607750000,611.32,588,28,68,00,False
scan,608000000,611.57,588,28,68,00,False
scan,608250000,611.82,588,28,68,00,False
scan,608500000,612.07,588,28,68,00,False
scan,608750000,612.32,588,28,68,00,False
scan,609000000,612.57,588,28,68,00,False
scan,609250000,612.82,588,28,68,00,False
scan,609500000,613.07,588,28,68,00,False
scan,609750000,613.32,588,28,68,00,False
scan,610000000,613.57,588,28,68,00,False
scan,610250000,613.82,588,28,68,00,False
scan,610500000,614.07,588,28,68,00,False
scan,610750000,614.32,588,28,68,00,False
scan,611000000,614.57,588,28,68,00,False
scan,611250000,614.82,588,28,68,00,False
scan,611500000,615.07,588,28,68,00,False
scan,611750000,615.32,588,28,68,00,False
scan,612000000,615.57,588,28,68,00,False
scan,612250000,615.82,588,28,68,00,False
scan,612500000,616.07,588,28,68,00,False
scan,612750000,616.32,588,28,68,00,False
scan,613000000,616.57,588,28,68,00,False
scan,613250000,616.82,588,28,68,00,False
scan,613500000,617.07,588,28,68,00,False
scan,613750000,617.32,588,28,68,00,False
scan,614000000,617.57,588,28,68,00,False
scan,614250000,617.82,588,28,68,00,False
scan,614500000,618.07,588,28,68,00,False
scan,614750000,618.32,588,28,68,00,False
scan,615000000,618.57,588,28,68,00,False
scan,615250000,618.82,588,28,68,00,False
scan,615500000,619.07,588,28,68,00,False
scan,615750000,619.32,588,28,68,00,False
scan,616000000,619.57,588,28,68,00,False
scan,616250000,619.82,588,28,68,00,False
scan,616500000,620.07,588,28,68,00,False
scan,616750000,620.32,588,28,68,00,False
scan,617000000,620.57,588,28,68,00,False
scan,617250000,620.82,588,28,68,00,False
scan,617500000,621.07,588,28,68,00,False
scan,617750000,621.32,588,28,68,00,False
scan,618000000,621.57,588,28,68,00,False
scan,618250000,621.82,588,28,68,00,False
scan,618500000,622.07,588,28,68,00,False
scan,618750000,622.32,588,28,68,00,False
scan,619000000,622.57,588,28,68,00,False
scan,619250000,622.82,588,28,68,00,False
scan,619500000,623.07,588,28,68,00,False
scan,619750000,623.32,588,28,68,00,False
scan,620000000,623.57,588,28,68,00,False
scan,620250000,623.82,588,28,68,00,False
scan,620500000,624.07,588,28,68,00,False
scan,620750000,624.32,588,28,68,00,False
scan,621000000,624.57,588,28,68,00,False
scan,621250000,624.82,588,28,68,00,False
scan,621500000,625.07,588,28,68,00,False
scan,621750000,625.32,588,28,68,00,False
scan,622000000,625.57,588,28,68,00,False
scan,622250000,625.82,588,28,68,00,False
scan,622500000,626.07,588,28,68,00,False
scan,622750000,626.32,588,28,68,00,False
scan,623000000,626.57,588,28,68,00,False
scan,623250000,626.82,588,28,68,00,False
scan,623500000,627.07,588,28,68,00,False
scan,623750000,627.32,588,28,68,00,False
scan,624000000,627.57,588,28,68,00,False
scan,624250000,627.82,588,28,68,00,False
scan,624500000,628.07,588,28,68,00,False
scan,624750000,628.32,588,28,68,00,False
scan,625000000,628.57,588,28,68,00,False
scan,625250000,628.82,588,28,68,00,False
scan,625500000,629.07,588,28,68,00,False
scan,625750000,629.32,588,28,68,00,False
scan,626000000,629.57,588,28,68,00,False
scan,626250000,629.82,588,28,68,00,False
scan,626500000,630.07,588,28,68,00,False
scan,626750000,630.32,588,28,68,00,False
scan,627000000,630.57,588,28,68,00,False
scan,627250000,630.82,588,28,68,00,False
scan,627500000,631.07,588,28,68,00,False
scan,627750000,631.32,588,28,68,00,False
scan,628000000,631.57,588,28,68,00,False
scan,628250000,631.82,588,28,68,00,False
scan,628500000,632.07,588,28,68,00,False
scan,628750000,632.32,588,28,68,00,False
scan,629000000,632.57,588,28,68,00,False
scan,629250000,632.82,588,28,68,00,False
scan,629500000,633.07,588,28,68,00,False
scan,629750000,633.32,588,28,68,00,False
scan,630000000,633.57,588,28,68,00,False
scan,630250000,633.82,588,28,68,00,False
scan,630500000,634.07,588,28,68,00,False
scan,630750000,634.32,588,28,68,00,False
scan,631000000,634.57,588,28,68,00,False
scan,631250000,634.82,588,28,68,00,False
scan,631500000,635.07,588,28,68,00,False
scan,631750000,635.32,588,28,68,00,False
scan,632000000,635.57,588,28,68,00,False
scan,632250000,635.82,588,28,68,00,False
scan,632500000,636.07,588,28,68,00,False
scan,632750000,636.32,588,28,68,00,False
scan,633000000,636.57,588,28,68,00,False
scan,633250000,636.82,588,28,68,00,False
scan,633500000,637.07,588,28,68,00,False
scan,633750000,637.32,588,28,68,00,False
scan,634000000,637.57,588,28,68,00,False
scan,634250000,637.82,588,28,68,00,False
scan,634500000,638.07,588,28,68,00,False
scan,634750000,638.32,588,28,68,00,False
scan,635000000,638.57,588,28,68,00,False
scan,635250000,638.82,588,28,68,00,False
scan,635500000,639.07,588,28,68,00,False
scan,635750000,639.32,588,28,68,00,False
scan,636000000,639.57,588,28,68,00,False
scan,636250000,639.82,588,28,68,00,False
scan,636500000,640.07,588,28,68,00,False
scan,636750000,640.32,588,28,68,00,False
scan,637000000,640.57,588,28,68,00,False
scan,637250000,640.82,588,28,68,00,False
scan,637500000,641.07,588,28,68,00,False
scan,637750000,641.32,588,28,68,00,False
scan,638000000,641.57,588,28,68,00,False
scan,638250000,641.82,588,28,68,00,False
scan,638500000,642.07,588,28,68,00,False
scan,638750000,642.32,588,28,68,00,False
scan,639000000,642.57,588,28,68,00,False
scan,639250000,642.82,588,28,68,00,False
scan,639500000,643.07,588,28,68,00,False
scan,639750000,643.32,588,28,68,00,False
scan,640000000,643.57,588,28,68,00,False
scan,640250000,643.82,588,28,68,00,False
scan,640500000,644.07,588,28,68,00,False
scan,640750000,644.32,588,28,68,00,False
scan,641000000,644.57,588,28,68,00,False
scan,641250000,644.82,588,28,68,00,False
scan,641500000,645.07,588,28,68,00,False
scan,641750000,645.32,588,28,68,00,False
scan,642000000,645.57,588,28,68,00,False
scan,642250000,645.82,588,28,68,00,False
scan,642500000,646.07,588,28,68,00,False
scan,642750000,646.32,588,28,68,00,False
scan,643000000,646.57,588,28,68,00,False
scan,643250000,646.82,588,28,68,00,False
scan,643500000,647.07,588,28,68,00,False
scan,643750000,647.32,588,28,68,00,False
scan,644000000,647.57,588,28,68,00,False
scan,644250000,647.82,588,28,68,00,False
scan,644500000,648.07,588,28,68,00,False
scan,644750000,648.32,588,28,68,00,False
scan,645000000,648.57,588,28,68,00,False
scan,645250000,648.82,588,28,68,00,False
scan,645500000,649.07,588,28,68,00,False
scan,645750000,649.32,588,28,68,00,False
scan,646000000,649.57,588,28,68,00,False
scan,646250000,649.82,588,28,68,00,False
scan,646500000,650.07,650,28,68,00,False
scan,646750000,650.32,650,28,68,00,False
scan,647000000,650.57,650,28,68,00,False
scan,647250000,650.82,650,28,68,00,False
scan,647500000,651.07,650,28,68,00,False
scan,647750000,651.32,650,28,68,00,False
scan,648000000,651.57,650,28,68,00,False
scan,648250000,651.82,650,28,68,00,False
scan,648500000,652.07,650,28,68,00,False
scan,648750000,652.32,650,28,68,00,False
scan,649000000,652.57,650,28,68,00,False
scan,649250000,652.82,650,28,68,00,False
scan,649500000,653.07,650,28,68,00,False
scan,649750000,653.32,650,28,68,00,False
scan,650000000,653.57,650,28,68,00,False
scan,650250000,653.82,650,28,68,00,False
scan,650500000,654.07,650,28,68,00,False
scan,650750000,654.32,650,28,68,00,False
scan,651000000,654.57,650,28,68,00,False
scan,651250000,654.82,650,28,68,00,False
scan,651500000,655.07,650,28,68,00,False
scan,651750000,655.32,650,28,68,00,False
scan,652000000,655.57,650,28,68,00,False
scan,652250000,655.82,650,28,68,00,False
scan,652500000,656.07,650,28,68,00,False
scan,652750000,656.32,650,28,68,00,False
scan,653000000,656.57,650,28,68,00,False
scan,653250000,656.82,650,28,68,00,False
scan,653500000,657.07,650,28,68,00,False
scan,653750000,657.32,650,28,68,00,False
scan,654000000,657.57,650,28,68,00,False
scan,654250000,657.82,650,28,68,00,False
scan,654500000,658.07,650,28,68,00,False
scan,654750000,658.32,650,28,68,00,False
scan,655000000,658.57,650,28,68,00,False
scan,655250000,658.82,650,28,68,00,False
scan,655500000,659.07,650,28,68,00,False
scan,655750000,659.32,650,28,68,00,False
scan,656000000,659.57,650,28,68,00,False
scan,656250000,659.82,650,28,68,00,False
scan,656500000,660.07,650,28,68,00,False
scan,656750000,660.32,650,28,68,00,False
scan,657000000,660.57,650,28,68,00,False
scan,657250000,660.82,650,28,68,00,False
scan,657500000,661.07,650,28,68,00,False
scan,657750000,661.32,650,28,68,00,False
scan,658000000,661.57,650,28,68,00,False
scan,658250000,661.82,650,28,68,00,False
scan,658500000,662.07,650,28,68,00,False
scan,658750000,662.32,650,28,68,00,False
scan,659000000,662.57,650,28,68,00,False
scan,659250000,662.82,650,28,68,00,False
scan,659500000,663.07,650,28,68,00,False
scan,659750000,663.32,650,28,68,00,False
scan,660000000,663.57,650,28,68,00,False
scan,660250000,663.82,650,28,68,00,False
scan,660500000,664.07,650,28,68,00,False
scan,660750000,664.32,650,28,68,00,False
scan,661000000,664.57,650,28,68,00,False
scan,661250000,664.82,650,28,68,00,False
scan,661500000,665.07,650,28,68,00,False
scan,661750000,665.32,650,28,68,00,False
scan,662000000,665.57,650,28,68,00,False
scan,662250000,665.82,650,28,68,00,False
scan,662500000,666.07,650,28,68,00,False
scan,662750000,666.32,650,28,68,00,False
scan,663000000,666.57,650,28,68,00,False
scan,663250000,666.82,650,28,68,00,False
scan,663500000,667.07,650,28,68,00,False
scan,663750000,667.32,650,28,68,00,False
scan,664000000,667.57,650,28,68,00,False
scan,664250000,667.82,650,28,68,00,False
scan,664500000,668.07,650,28,68,00,False
scan,664750000,668.32,650,28,68,00,False
scan,665000000,668.57,650,28,68,00,False
scan,665250000,668.82,650,28,68,00,False
scan,665500000,669.07,650,28,68,00,False
scan,665750000,669.32,650,28,68,00,False
scan,666000000,669.57,650,28,68,00,False
scan,666250000,669.82,650,28,68,00,False
scan,666500000,670.07,650,28,68,00,False
scan,666750000,670.32,650,28,68,00,False
scan,667000000,670.57,650,28,68,00,False
scan,667250000,670.82,650,28,68,00,False
scan,667500000,671.07,650,28,68,00,False
scan,667750000,671.32,650,28,68,00,False
scan,668000000,671.57,650,28,68,00,False
scan,668250000,671.82,650,28,68,00,False
scan,668500000,672.07,650,28,68,00,False
scan,668750000,672.32,650,28,68,00,False
scan,669000000,672.57,650,28,68,00,False
scan,669250000,672.82,650,28,68,00,False
scan,669500000,673.07,650,28,68,00,False
scan,669750000,673.32,650,28,68,00,False
scan,670000000,673.57,650,28,68,00,False
scan,670250000,673.82,650,28,68,00,False
scan,670500000,674.07,650,28,68,00,False
scan,670750000,674.32,650,28,68,00,False
scan,671000000,674.57,650,28,68,00,False
scan,671250000,674.82,650,28,68,00,False
scan,671500000,675.07,650,28,68,00,False
scan,671750000,675.32,650,28,68,00,False
scan,672000000,675.57,650,28,68,00,False
scan,672250000,675.82,650,28,68,00,False
scan,672500000,676.07,650,28,68,00,False
scan,672750000,676.32,650,28,68,00,False
scan,673000000,676.57,650,28,68,00,False
scan,673250000,676.82,650,28,68,00,False
scan,673500000,677.07,650,28,68,00,False
scan,673750000,677.32,650,28,68,00,False
scan,674000000,677.57,650,28,68,00,False
scan,674250000,677.82,650,28,68,00,False
scan,674500000,678.07,650,28,68,00,False
scan,674750000,678.32,650,28,68,00,False
scan,675000000,678.57,650,28,68,00,False
scan,675250000,678.82,650,28,68,00,False
scan,675500000,679.07,650,28,68,00,False
scan,675750000,679.32,650,28,68,00,False
scan,676000000,679.57,650,28,68,00,False
scan,676250000,679.82,650,28,68,00,False
scan,676500000,680.07,650,28,68,00,False
scan,676750000,680.32,650,28,68,00,False
scan,677000000,680.57,650,28,68,00,False
scan,677250000,680.82,650,28,68,00,False
scan,677500000,681.07,650,28,68,00,False
scan,677750000,681.32,650,28,68,00,False
scan,678000000,681.57,650,28,68,00,False
scan,678250000,681.82,650,28,68,00,False
scan,678500000,682.07,650,28,68,00,False
scan,678750000,682.32,650,28,68,00,False
scan,679000000,682.57,650,28,68,00,False
scan,679250000,682.82,650,28,68,00,False
scan,679500000,683.07,650,28,68,00,False
scan,679750000,683.32,650,28,68,00,False
scan,680000000,683.57,650,28,68,00,False
scan,680250000,683.82,650,28,68,00,False
scan,680500000,684.07,650,28,68,00,False
scan,680750000,684.32,650,28,68,00,False
scan,681000000,684.57,650,28,68,00,False
scan,681250000,684.82,650,28,68,00,False
scan,681500000,685.07,650,28,68,00,False
scan,681750000,685.32,650,28,68,00,False
scan,682000000,685.57,650,28,68,00,False
scan,682250000,685.82,650,28,68,00,False
scan,682500000,686.07,650,28,68,00,False
scan,682750000,686.32,650,28,68,00,False
scan,683000000,686.57,650,28,68,00,False
scan,683250000,686.82,650,28,68,00,False
scan,683500000,687.07,650,28,68,00,False
scan,683750000,687.32,650,28,68,00,False
scan,684000000,687.57,650,28,68,00,False
scan,684250000,687.82,650,28,68,00,False
scan,684500000,688.07,650,28,68,00,False
scan,684750000,688.32,650,28,68,00,False
scan,685000000,688.57,650,28,68,00,False
scan,685250000,688.82,650,28,68,00,False
scan,685500000,689.07,650,28,68,00,False
scan,685750000,689.32,650,28,68,00,False
scan,686000000,689.57,650,28,68,00,False
scan,686250000,689.82,650,28,68,00,False
scan,686500000,690.07,650,28,68,00,False
scan,686750000,690.32,650,28,68,00,False
scan,687000000,690.57,650,28,68,00,False
scan,687250000,690.82,650,28,68,00,False
scan,687500000,691.07,650,28,68,00,False
scan,687750000,691.32,650,28,68,00,False
scan,688000000,691.57,650,28,68,00,False
scan,688250000,691.82,650,28,68,00,False
scan,688500000,692.07,650,28,68,00,False
scan,688750000,692.32,650,28,68,00,False
scan,689000000,692.57,650,28,68,00,False
scan,689250000,692.82,650,28,68,00,False
scan,689500000,693.07,650,28,68,00,False
scan,689750000,693.32,650,28,68,00,False
scan,690000000,693.57,650,28,68,00,False
scan,690250000,693.82,650,28,68,00,False
scan,690500000,694.07,650,28,68,00,False
scan,690750000,694.32,650,28,68,00,False
scan,691000000,694.57,650,28,68,00,False
scan,691250000,694.82,650,28,68,00,False
scan,691500000,695.07,650,28,68,00,False
scan,691750000,695.32,650,28,68,00,False
scan,692000000,695.57,650,28,68,00,False
scan,692250000,695.82,650,28,68,00,False
scan,692500000,696.07,650,28,68,00,False
scan,692750000,696.32,650,28,68,00,False
scan,693000000,696.57,650,28,68,00,False
scan,693250000,696.82,650,28,68,00,False
scan,693500000,697.07,650,28,68,00,False
scan,693750000,697.32,650,28,68,00,False
scan,694000000,697.57,650,28,68,00,False
scan,694250000,697.82,650,28,68,00,False
scan,694500000,698.07,650,28,68,00,False
scan,694750000,698.32,650,28,68,00,False
scan,695000000,698.57,650,28,68,00,False
scan,695250000,698.82,650,28,68,00,False
scan,695500000,699.07,650,28,68,00,False
scan,695750000,699.32,650,28,68,00,False
scan,696000000,699.57,650,28,68,00,False
scan,696250000,699.82,650,28,68,00,False
scan,696500000,700.07,650,28,68,00,False
scan,696750000,700.32,650,28,68,00,False
scan,697000000,700.57,650,28,68,00,False
scan,697250000,700.82,650,28,68,00,False
scan,697500000,701.07,650,28,68,00,False
scan,697750000,701.32,650,28,68,00,False
scan,698000000,701.57,650,28,68,00,False
scan,698250000,701.82,650,28,68,00,False
scan,698500000,702.07,650,28,68,00,False
scan,698750000,702.32,650,28,68,00,False
scan,699000000,702.57,650,28,68,00,False
scan,699250000,702.82,650,28,68,00,False
scan,699500000,703.07,650,28,68,00,False
scan,699750000,703.32,650,28,68,00,False
scan,700000000,703.57,650,f4,68,00,True
